fecha,canal,campaña,contenido,impresiones,alcance,interacciones,clics,leads,conversiones,inversion,ingresos,CTR,Engagement_Rate,Conversion_Rate,CPL,ROAS,ROI
2025-01-01 00:00:00.000000,Facebook,Captación,Reel,40763,24813,1464,1955,457,109,4433.39,184245.14,4.796015994897333,5.900132994801113,23.851203501094094,9.701072210065647,41.558522936173,4055.852293617299
2025-01-01 08:43:32.941961,Web,Reconocimiento,Reel,13427,7950,618,630,106,16,9416.55,35663.14,4.692038430029046,7.773584905660377,15.09433962264151,88.83537735849056,3.7872830282853065,278.7283028285307
2025-01-01 17:27:05.883922,TikTok,Reconocimiento,Video,47550,27277,3031,945,76,23,14669.22,49131.6,1.9873817034700314,11.111925798291601,30.263157894736842,193.01605263157893,3.3492987357200996,234.92987357200997
2025-01-02 02:10:38.825883,TikTok,Conversión,Reel,21566,17326,1306,216,60,16,2114.06,77078.66,1.0015765556895113,7.537804455731272,26.666666666666668,35.23433333333333,36.46001532596048,3546.0015325960476
2025-01-02 10:54:11.767845,Instagram,Captación,Reel,3230,2826,105,215,35,8,3575.82,32912.89,6.656346749226007,3.715498938428875,22.857142857142858,102.16628571428572,9.204291603044895,820.4291603044895
2025-01-02 19:37:44.709806,Instagram,Interacción,Reel,7511,5262,304,121,28,4,7359.87,15363.35,1.610970576487818,5.777270999619916,14.285714285714285,262.8525,2.0874485554772026,108.74485554772029
2025-01-03 04:21:17.651767,Instagram,Conversión,Reel,43229,25578,2668,2350,333,37,14544.9,58498.69,5.436165537023757,10.430839002267573,11.11111111111111,43.678378378378376,4.0219382738966925,302.19382738966925
2025-01-03 13:04:50.593729,Web,Captación,Reel,27177,19821,1673,2011,110,31,11691.24,143220.23,7.39963940096405,8.44054285858433,28.18181818181818,106.28399999999999,12.250217256681072,1125.0217256681071
2025-01-03 21:48:23.535690,TikTok,Captación,Imagen,5765,3874,329,141,10,1,13524.32,4277.06,2.445793581960104,8.492514197212184,10.0,1352.432,0.31624954156660007,-68.37504584333999
2025-01-04 06:31:56.477651,TikTok,Interacción,Imagen,21354,14546,1551,1207,210,24,5338.87,35695.1,5.652336798726234,10.662725147806958,11.428571428571429,25.423190476190477,6.685890459966247,568.5890459966248
2025-01-04 15:15:29.419613,Instagram,Conversión,Imagen,24929,19132,2092,386,85,9,14884.56,40130.24,1.5483974487544627,10.934559899644574,10.588235294117647,175.11247058823528,2.6960985074466426,169.60985074466427
2025-01-04 23:59:02.361574,Web,Captación,Imagen,29820,23902,2676,1558,208,20,1991.08,38868.79,5.224681421864521,11.195715839678687,9.615384615384617,9.5725,19.521460714787956,1852.1460714787956
2025-01-05 08:42:35.303535,TikTok,Captación,Artículo,47040,27692,816,1010,226,63,1268.11,71798.13,2.147108843537415,2.9466994077711974,27.876106194690266,5.611106194690265,56.61821923965587,5561.821923965587
2025-01-05 17:26:08.245496,Instagram,Captación,Video,30523,17167,1277,1877,421,49,12906.24,174374.03,6.149461062149855,7.438690510863867,11.63895486935867,30.656152019002374,13.510831194832887,1251.0831194832888
2025-01-06 02:09:41.187458,Instagram,Interacción,Video,6552,5883,553,203,45,9,13945.34,31913.82,3.0982905982905984,9.39996600373959,20.0,309.89644444444446,2.288493503923174,128.84935039231743
2025-01-06 10:53:14.129419,Instagram,Conversión,Video,1627,1027,98,69,11,2,1813.49,2397.43,4.240934234787954,9.542356377799416,18.181818181818183,164.86272727272728,1.3219979156212605,32.19979156212606
2025-01-06 19:36:47.071380,Facebook,Conversión,Imagen,12989,7388,596,674,187,41,2144.7,87706.28,5.189006082069443,8.067135896047645,21.92513368983957,11.468983957219251,40.89442812514571,3989.4428125145714
2025-01-07 04:20:20.013342,Facebook,Conversión,Artículo,14780,9111,334,324,55,17,981.03,84486.95,2.192151556156969,3.6658983646142027,30.909090909090907,17.836909090909092,86.1206588993201,8512.06588993201
2025-01-07 13:03:52.955303,Facebook,Conversión,Video,7589,4277,426,469,76,23,2015.36,83936.02,6.179997364606668,9.960252513444003,30.263157894736842,26.517894736842106,41.6481521911718,4064.8152191171803
2025-01-07 21:47:25.897264,Instagram,Reconocimiento,Artículo,35812,24607,2264,1116,111,20,3536.59,77326.31,3.1162738746788787,9.20063396594465,18.01801801801802,31.861171171171172,21.864652108386892,2086.465210838689
2025-01-08 06:30:58.839226,TikTok,Reconocimiento,Video,29128,24200,692,1641,208,11,14566.11,18636.78,5.633754463059599,2.8595041322314048,5.288461538461538,70.029375,1.2794617094062861,27.946170940628612
2025-01-08 15:14:31.781187,Instagram,Conversión,Artículo,46939,31422,2085,989,59,10,10183.97,11308.85,2.1069899230916724,6.635478327286615,16.94915254237288,172.60966101694913,1.1104559420343934,11.045594203439338
2025-01-08 23:58:04.723148,Instagram,Interacción,Reel,39652,27973,1046,2306,480,111,11789.02,217891.57,5.815595682437204,3.7393200586279622,23.125,24.560458333333333,18.482585490566645,1748.2585490566646
2025-01-09 08:41:37.665110,Facebook,Reconocimiento,Video,28790,22642,1216,546,61,13,11754.02,23989.85,1.8964918374435566,5.370550304743397,21.311475409836063,192.6888524590164,2.040991082199962,104.0991082199962
2025-01-09 17:25:10.607071,Facebook,Captación,Reel,41953,30546,666,1668,210,51,8258.57,91039.35,3.975877767978452,2.180318208603418,24.285714285714285,39.326523809523806,11.023621522854443,1002.3621522854442
2025-01-10 02:08:43.549032,TikTok,Reconocimiento,Reel,1249,1063,63,34,8,0,12063.59,0.0,2.722177742193755,5.9266227657572905,0.0,1507.94875,0.0,-100.0
2025-01-10 10:52:16.490993,Instagram,Captación,Reel,20309,17325,1299,1267,166,40,9139.21,128558.96,6.238613422620514,7.4978354978354975,24.096385542168676,55.05548192771084,14.066747563520263,1306.6747563520262
2025-01-10 19:35:49.432955,Facebook,Conversión,Reel,26901,14888,1220,762,84,8,5060.92,17424.28,2.8326084532173526,8.194519075765717,9.523809523809524,60.24904761904762,3.442907613635465,244.2907613635465
2025-01-11 04:19:22.374916,TikTok,Reconocimiento,Imagen,24576,20209,1745,1762,162,44,8636.1,186799.76,7.169596354166667,8.634766688109258,27.160493827160494,53.309259259259264,21.63010618218872,2063.010618218872
2025-01-11 13:02:55.316877,Instagram,Interacción,Reel,32508,23121,2396,2354,573,86,8235.87,135241.81,7.241294450596776,10.362873578132433,15.008726003490402,14.37324607329843,16.421071483644106,1542.1071483644107
2025-01-11 21:46:28.258839,TikTok,Reconocimiento,Reel,10175,9117,378,241,19,4,12440.07,11005.73,2.3685503685503684,4.146100691016782,21.052631578947366,654.7405263157895,0.8847000057073634,-11.529999429263663
2025-01-12 06:30:01.200800,Instagram,Reconocimiento,Imagen,26464,19031,609,1401,228,14,14735.04,12003.08,5.293984280532044,3.2000420366770004,6.140350877192982,64.62736842105264,0.8145943275349099,-18.540567246509006
2025-01-12 15:13:34.142761,Instagram,Reconocimiento,Imagen,17260,15454,1625,278,49,8,6460.12,22584.53,1.6106604866743917,10.515077002717742,16.3265306122449,131.8391836734694,3.495992334507718,249.5992334507718
2025-01-12 23:57:07.084723,Web,Conversión,Reel,36440,29665,1057,1363,302,78,11569.16,80692.6,3.7403951701427003,3.563121523681106,25.82781456953642,38.30847682119205,6.974801973522711,597.480197352271
2025-01-13 08:40:40.026684,Web,Interacción,Reel,30546,19458,2285,1830,381,44,1946.56,215883.3,5.990964447063445,11.743241854250181,11.548556430446194,5.109081364829396,110.90503246753246,10990.503246753247
2025-01-13 17:24:12.968645,TikTok,Reconocimiento,Video,41047,30310,3159,2305,582,167,11764.05,688121.32,5.615513923063805,10.422302870339822,28.694158075601372,20.213144329896906,58.49357321670683,5749.357321670683
2025-01-14 02:07:45.910607,Facebook,Interacción,Video,42430,38070,2668,2279,139,33,5885.55,94329.45,5.371199622908319,7.008142894667717,23.741007194244602,42.34208633093525,16.02729566480618,1502.7295664806177
2025-01-14 10:51:18.852568,Instagram,Conversión,Imagen,2987,2539,299,88,10,2,1071.16,2327.33,2.9460997656511547,11.776289877904688,20.0,107.11600000000001,2.172719294969939,117.27192949699389
2025-01-14 19:34:51.794529,TikTok,Captación,Video,26105,15247,453,951,114,17,5767.07,55900.6,3.642980271978548,2.971076277300453,14.912280701754385,50.58833333333333,9.693067710293095,869.3067710293095
2025-01-15 04:18:24.736490,Facebook,Reconocimiento,Reel,13948,11119,559,239,20,3,9354.32,11960.42,1.713507312876398,5.027430524327727,15.0,467.716,1.2785985512576008,27.85985512576008
2025-01-15 13:01:57.678452,Instagram,Interacción,Imagen,14026,9410,788,846,103,23,2229.13,36823.29,6.031655496934265,8.374070138150904,22.330097087378643,21.642038834951457,16.519130781964265,1551.9130781964263
2025-01-15 21:45:30.620413,Facebook,Interacción,Video,3773,2084,114,170,21,4,13898.5,12745.9,4.5056983832494035,5.47024952015355,19.047619047619047,661.8333333333334,0.9170701874302982,-8.29298125697018
2025-01-16 06:29:03.562374,Instagram,Conversión,Reel,46927,32436,3659,2797,504,130,1626.25,548559.15,5.960321350182198,11.280675792329511,25.793650793650798,3.226686507936508,337.3153881629516,33631.53881629516
2025-01-16 15:12:36.504336,Web,Reconocimiento,Reel,10878,6876,182,298,64,11,13985.1,44293.05,2.7394741680455965,2.646887725421757,17.1875,218.5171875,3.1671600489091962,216.71600489091966
2025-01-16 23:56:09.446297,Instagram,Captación,Artículo,43946,36765,2755,1437,208,23,10753.49,95969.03,3.2699221772174942,7.493540051679587,11.057692307692307,51.699471153846154,8.924454293443338,792.4454293443337
2025-01-17 08:39:42.388258,TikTok,Interacción,Reel,11377,7600,601,379,87,9,5280.83,40438.43,3.3312824118836253,7.907894736842105,10.344827586206897,60.69919540229885,7.657589810692637,665.7589810692638
2025-01-17 17:23:15.330220,Facebook,Reconocimiento,Imagen,8347,7008,597,98,13,0,6165.88,0.0,1.174074517790823,8.518835616438356,0.0,474.29846153846154,0.0,-100.0
2025-01-18 02:06:48.272181,Facebook,Captación,Reel,34776,19134,871,1177,144,20,11241.74,50063.78,3.3845180584311017,4.5521061983903,13.88888888888889,78.0676388888889,4.45338355094496,345.338355094496
2025-01-18 10:50:21.214142,Facebook,Interacción,Video,4783,3145,177,316,58,15,9221.33,47832.45,6.60673217645829,5.627980922098569,25.862068965517242,158.98844827586205,5.187153046252547,418.7153046252547
2025-01-18 19:33:54.156104,Instagram,Interacción,Imagen,5298,3361,350,385,21,6,10238.82,24724.62,7.266893167232919,10.413567390657542,28.57142857142857,487.5628571428571,2.414791938914836,141.4791938914836
2025-01-19 04:17:27.098065,Web,Captación,Artículo,5668,3580,141,262,18,1,6142.89,3727.99,4.622441778405081,3.9385474860335195,5.555555555555555,341.2716666666667,0.6068788469270978,-39.31211530729023
2025-01-19 13:01:00.040026,TikTok,Captación,Imagen,21671,12436,1277,907,140,47,7573.3,234115.69,4.185316782797287,10.26857510453522,33.57142857142857,54.095,30.91329935431054,2991.329935431054
2025-01-19 21:44:32.981987,Web,Conversión,Imagen,35820,22046,1681,435,124,24,14853.08,20578.71,1.2144053601340032,7.62496598022317,19.35483870967742,119.78290322580645,1.3854843574531341,38.54843574531343
2025-01-20 06:28:05.923949,Web,Reconocimiento,Artículo,35484,26415,2541,2538,584,189,3601.88,433104.75,7.152519445383835,9.619534355479841,32.36301369863014,6.167602739726028,120.24408086887958,11924.408086887957
2025-01-20 15:11:38.865910,TikTok,Reconocimiento,Video,34078,22218,2029,371,26,6,6558.91,11881.9,1.0886789130817536,9.132235124673688,23.076923076923077,252.26576923076922,1.811566251099649,81.15662510996492
2025-01-20 23:55:11.807871,Web,Conversión,Video,48159,33522,1366,3666,958,255,4731.44,484940.28,7.612284308228992,4.074935863015333,26.61795407098121,4.938872651356993,102.49316909862539,10149.316909862537
2025-01-21 08:38:44.749833,Instagram,Interacción,Imagen,21922,14948,1149,969,225,16,11594.12,27754.0,4.420217133473224,7.6866470430826865,7.111111111111111,51.52942222222222,2.393799615667252,139.37996156672517
2025-01-21 17:22:17.691794,Instagram,Captación,Reel,35028,30003,3203,1188,240,27,11578.18,102014.64,3.391572456320658,10.67559910675599,11.25,48.24241666666667,8.810939197697738,781.0939197697737
2025-01-22 02:05:50.633755,Instagram,Captación,Imagen,46925,40677,2571,3505,894,47,4740.46,54331.52,7.469366009589772,6.3205251124714215,5.257270693512305,5.302527964205817,11.461233719934352,1046.1233719934353
2025-01-22 10:49:23.575717,Facebook,Captación,Artículo,21316,15401,1796,249,37,9,1680.16,35232.81,1.1681366109964346,11.661580416856049,24.324324324324326,45.40972972972973,20.969913579659078,1996.9913579659074
2025-01-22 19:32:56.517678,Facebook,Interacción,Reel,12460,8292,540,631,66,10,665.77,37123.89,5.064205457463884,6.512301013024602,15.151515151515152,10.087424242424243,55.7608333208165,5476.08333208165
2025-01-23 04:16:29.459639,Instagram,Captación,Video,17968,10554,361,870,154,44,6698.03,81548.6,4.841941228851291,3.420504074284631,28.57142857142857,43.493701298701296,12.175012652974084,1117.5012652974085
2025-01-23 13:00:02.401601,TikTok,Captación,Imagen,31266,27629,1628,792,148,22,6449.9,40961.84,2.533103051237766,5.892359477360745,14.864864864864865,43.5804054054054,6.350771329788058,535.0771329788058
2025-01-23 21:43:35.343562,Facebook,Conversión,Reel,31209,17822,2052,1249,230,68,14831.65,234002.58,4.0020506905059445,11.513859275053305,29.565217391304348,64.48543478260869,15.777245282891654,1477.7245282891654
2025-01-24 06:27:08.285523,Instagram,Interacción,Imagen,25000,16354,849,1391,266,23,7312.13,92025.73,5.564,5.1913904855081325,8.646616541353383,27.48921052631579,12.585352010973546,1158.5352010973545
2025-01-24 15:10:41.227484,Facebook,Reconocimiento,Reel,15011,9822,1049,914,262,26,4218.07,116512.23,6.088868163346879,10.680105884748524,9.923664122137405,16.09950381679389,27.622166061729654,2662.216606172966
2025-01-24 23:54:14.169446,Instagram,Conversión,Imagen,3866,2559,276,38,10,1,13422.83,4378.99,0.9829280910501811,10.785463071512309,10.0,1342.283,0.326234482594207,-67.37655174057929
2025-01-25 08:37:47.111407,TikTok,Conversión,Video,48133,29240,1608,3637,978,168,7620.49,815221.44,7.556146510709907,5.4993160054719565,17.177914110429448,7.791912065439672,106.97756181032977,10597.756181032977
2025-01-25 17:21:20.053368,Instagram,Reconocimiento,Imagen,6898,5684,161,148,37,5,9188.05,16209.08,2.14554943461873,2.832512315270936,13.513513513513514,248.32567567567565,1.7641479965825175,76.41479965825177
2025-01-26 02:04:52.995330,Web,Conversión,Reel,19395,11498,1063,511,146,40,1887.2,184654.13,2.6346996648620777,9.24508610193077,27.397260273972602,12.926027397260274,97.84555426027978,9684.555426027977
2025-01-26 10:48:25.937291,TikTok,Interacción,Reel,40019,30903,1580,1138,84,6,6052.29,25174.53,2.8436492665983657,5.112772222761544,7.142857142857142,72.05107142857143,4.159504914668663,315.9504914668662
2025-01-26 19:31:58.879252,Instagram,Captación,Video,38707,22966,2257,489,56,8,14191.24,36460.83,1.2633373808355077,9.827571192197162,14.285714285714285,253.415,2.5692490578695026,156.9249057869503
2025-01-27 04:15:31.821214,Instagram,Interacción,Imagen,5006,2876,184,93,16,4,9047.83,3395.33,1.8577706751897725,6.397774687065369,25.0,565.489375,0.3752645661998512,-62.473543380014874
2025-01-27 12:59:04.763175,TikTok,Reconocimiento,Artículo,35393,30731,2105,2797,731,51,5495.28,247696.42,7.902692622835024,6.849760827828577,6.976744186046512,7.517482900136798,45.07439475331558,4407.439475331558
2025-01-27 21:42:37.705136,TikTok,Reconocimiento,Video,11956,7371,720,383,67,22,9572.17,61354.19,3.2034125125460022,9.768009768009769,32.83582089552239,142.86820895522388,6.4096427455843346,540.9642745584334
2025-01-28 06:26:10.647098,TikTok,Conversión,Video,31663,26515,1544,572,135,46,13700.96,191008.95,1.8065249660487004,5.823118989251367,34.074074074074076,101.48859259259258,13.941282216720582,1294.1282216720583
2025-01-28 15:09:43.589059,TikTok,Interacción,Video,7078,5242,337,123,10,0,4472.86,0.0,1.7377790336253178,6.428843952689813,0.0,447.28599999999994,0.0,-100.0
2025-01-28 23:53:16.531020,Instagram,Interacción,Imagen,30631,17681,1018,1848,209,28,7824.19,68962.67,6.03310371845516,5.757592896329393,13.397129186602871,37.43631578947368,8.814033145923093,781.4033145923092
2025-01-29 08:36:49.472981,Facebook,Reconocimiento,Imagen,31140,27540,1562,2174,506,81,14401.01,157150.92,6.981374438021836,5.671750181554104,16.007905138339922,28.460494071146247,10.91249294320329,991.249294320329
2025-01-29 17:20:22.414943,Instagram,Interacción,Reel,42691,27170,1972,1194,108,30,2999.74,60749.01,2.7968424258040336,7.258005152741995,27.77777777777778,27.775370370370368,20.251425123510707,1925.1425123510708
2025-01-30 02:03:55.356904,Web,Reconocimiento,Video,4961,4221,425,56,7,1,10935.13,1317.67,1.128804676476517,10.068704098554845,14.285714285714285,1562.1614285714284,0.12049879608198533,-87.95012039180146
2025-01-30 10:47:28.298865,TikTok,Interacción,Reel,30277,18441,1035,775,90,21,9409.97,87868.37,2.5596987812530965,5.612493899463153,23.333333333333332,104.55522222222221,9.337794913267524,833.7794913267525
2025-01-30 19:31:01.240827,Facebook,Interacción,Reel,42574,36140,2617,594,81,22,10355.29,18453.99,1.3952177385258608,7.241283895960154,27.160493827160494,127.84308641975309,1.782083360292179,78.20833602921792
2025-01-31 04:14:34.182788,Instagram,Interacción,Reel,32417,17979,1565,558,126,10,5592.68,21125.23,1.7213190609865192,8.704599810890484,7.936507936507936,44.38634920634921,3.777299970675955,277.7299970675955
2025-01-31 12:58:07.124749,Facebook,Reconocimiento,Artículo,23484,17122,803,944,134,40,5051.25,61300.97,4.019758133197071,4.689872678425417,29.850746268656714,37.69589552238806,12.135802029200693,1113.5802029200693
2025-01-31 21:41:40.066711,Facebook,Conversión,Video,19103,15651,747,498,94,24,10421.04,78575.13,2.6069203789980633,4.772857964347326,25.53191489361702,110.86212765957448,7.540046866723475,654.0046866723474
2025-02-01 06:25:13.008672,TikTok,Interacción,Imagen,30345,26617,3016,1399,104,23,3625.38,42960.78,4.610314714120943,11.331104181538116,22.115384615384613,34.85942307692308,11.850007447495159,1085.000744749516
2025-02-01 15:08:45.950633,TikTok,Reconocimiento,Reel,47326,41089,3794,1313,329,104,6584.99,196330.52,2.774373494485061,9.233614836087517,31.61094224924012,20.01516717325228,29.81485469226225,2881.485469226225
2025-02-01 23:52:18.892595,Web,Reconocimiento,Reel,40454,33854,2631,3067,436,113,3228.53,322165.28,7.581450536411727,7.771607490990724,25.91743119266055,7.404885321100918,99.78698664717379,9878.69866471738
2025-02-02 08:35:51.834556,Facebook,Interacción,Imagen,2587,2227,188,189,40,4,620.42,14165.18,7.3057595670661,8.441850022451728,10.0,15.510499999999999,22.83159794977596,2183.159794977596
2025-02-02 17:19:24.776517,Instagram,Interacción,Imagen,43571,27002,619,2164,500,89,14565.83,116543.7,4.966606228913728,2.2924227834975186,17.8,29.13166,8.001171234320324,700.1171234320324
2025-02-03 02:02:57.718478,TikTok,Conversión,Artículo,22031,14308,1170,766,78,15,6759.69,23057.22,3.476918887022831,8.177243500139781,19.230769230769234,86.6626923076923,3.4109877819840855,241.09877819840855
2025-02-03 10:46:30.660440,TikTok,Reconocimiento,Video,27212,17718,1257,998,270,17,14555.57,31248.28,3.6674996325150673,7.0944801896376575,6.296296296296296,53.90951851851852,2.146826266508285,114.68262665082851
2025-02-03 19:30:03.602401,TikTok,Reconocimiento,Video,11350,7740,577,440,89,29,2534.69,141802.53,3.8766519823788546,7.454780361757106,32.58426966292135,28.479662921348314,55.944723023328294,5494.47230233283
2025-02-04 04:13:36.544362,TikTok,Captación,Imagen,19816,13626,762,1207,189,16,9016.82,39488.65,6.091037545417844,5.592250110083664,8.465608465608465,47.708042328042325,4.379443085256222,337.94430852562215
2025-02-04 12:57:09.486324,Facebook,Reconocimiento,Reel,21288,15765,443,885,84,21,3414.12,69630.93,4.157271702367531,2.810022201078338,25.0,40.644285714285715,20.394986116480965,1939.4986116480968
2025-02-04 21:40:42.428285,Facebook,Conversión,Reel,30432,18440,725,2129,607,122,11956.07,221366.54,6.99592534174553,3.931670281995662,20.098846787479406,19.69698517298188,18.51499196642375,1751.499196642375
2025-02-05 06:24:15.370246,Facebook,Captación,Video,45222,35812,4121,3440,821,47,11863.69,134416.71,7.606916987307064,11.507315983469228,5.724725943970768,14.450292326431182,11.330092913756173,1033.0092913756173
2025-02-05 15:07:48.312208,Instagram,Captación,Video,49617,30199,1838,1662,169,55,2132.8,61121.53,3.34965838321543,6.086294248153912,32.544378698224854,12.620118343195267,28.657881657914476,2765.788165791447
2025-02-05 23:51:21.254169,Instagram,Captación,Artículo,7837,5161,344,385,51,15,13724.93,14188.76,4.912594104887074,6.665374927339663,29.411764705882355,269.11627450980393,1.0337947078782916,3.3794707878291543
2025-02-06 08:34:54.196130,Instagram,Interacción,Video,35217,25573,646,586,147,30,3322.13,83060.42,1.663969105829571,2.5261017479372776,20.408163265306122,22.59952380952381,25.002158253891327,2400.2158253891325
2025-02-06 17:18:27.138092,TikTok,Interacción,Reel,21884,18136,430,525,117,13,9388.17,32166.8,2.3990129775178213,2.3709748566387296,11.11111111111111,80.24076923076923,3.426312050165261,242.6312050165261
2025-02-07 02:02:00.080053,Facebook,Reconocimiento,Video,6454,5220,478,251,60,5,14791.69,6874.49,3.8890610474124574,9.157088122605364,8.333333333333332,246.52816666666666,0.4647535203888129,-53.52464796111871
2025-02-07 10:45:33.022014,Facebook,Captación,Reel,10424,8088,596,254,40,6,13294.75,22127.56,2.436684574059862,7.368941641938674,15.0,332.36875,1.6643833092010005,66.43833092010006
2025-02-07 19:29:05.963975,Web,Conversión,Video,37885,22902,1623,2703,619,78,14370.18,387675.18,7.134749901016233,7.086717317264868,12.60096930533118,23.215153473344103,26.97775393210106,2597.775393210106
2025-02-08 04:12:38.905937,Instagram,Interacción,Reel,42637,31613,1400,898,131,26,5467.68,64004.63,2.106151933766447,4.428557871761617,19.84732824427481,41.73801526717558,11.705994132794896,1070.5994132794895
2025-02-08 12:56:11.847898,Facebook,Conversión,Video,44618,25905,2447,1869,192,65,2030.85,222504.51,4.188892375274553,9.446052885543331,33.85416666666667,10.577343749999999,109.56225718295296,10856.225718295296
2025-02-08 21:39:44.789859,TikTok,Conversión,Imagen,19412,13240,487,1017,211,46,3231.03,222846.95,5.239027405728415,3.678247734138973,21.80094786729858,15.312938388625593,68.97086997025716,6797.086997025717
2025-02-09 06:23:17.731821,Instagram,Interacción,Video,48111,33424,1303,2811,826,261,7757.18,1120328.64,5.842738666832949,3.8983963618956436,31.59806295399516,9.391259079903149,144.42473166795148,14342.473166795147
2025-02-09 15:06:50.673782,Instagram,Interacción,Reel,40613,22903,1513,1495,190,46,12001.83,126358.29,3.681087336567109,6.606121468803214,24.210526315789473,63.16752631578947,10.528251941578908,952.8251941578908
2025-02-09 23:50:23.615743,Instagram,Interacción,Artículo,21142,13655,664,1497,247,47,2677.23,183180.42,7.080692460505156,4.8626876601977305,19.02834008097166,10.838987854251013,68.42162234847211,6742.162234847211
2025-02-10 08:33:56.557705,Instagram,Interacción,Imagen,38392,33956,1519,1911,417,127,10066.11,169947.23,4.9775994998958115,4.473436211567911,30.455635491606714,24.139352517985614,16.88310876793518,1588.3108767935178
2025-02-10 17:17:29.499666,Web,Captación,Reel,9848,8703,735,401,74,14,5191.88,41311.71,4.071892770105605,8.445363667700793,18.91891891891892,70.16054054054054,7.956984753114479,695.6984753114479
2025-02-11 02:01:02.441627,TikTok,Captación,Reel,14136,9517,809,207,53,16,5447.43,31552.85,1.464346349745331,8.500577913207943,30.18867924528302,102.78169811320755,5.792245150465448,479.22451504654487
2025-02-11 10:44:35.383589,TikTok,Captación,Reel,1589,897,91,67,16,2,10097.81,2953.77,4.2164883574575205,10.144927536231885,12.5,631.113125,0.2925159019629009,-70.7484098037099
2025-02-11 19:28:08.325550,Web,Captación,Imagen,21908,13422,829,1477,95,8,7271.49,20723.04,6.741829468687238,6.1764267620324835,8.421052631578947,76.542,2.849902839720608,184.99028397206075
2025-02-12 04:11:41.267511,TikTok,Reconocimiento,Artículo,7509,5160,140,398,119,36,12274.48,48609.4,5.300306299107738,2.7131782945736433,30.252100840336134,103.14689075630251,3.960200350646219,296.0200350646219
2025-02-12 12:55:14.209472,Instagram,Captación,Imagen,41461,36557,1731,2829,673,152,2760.82,567832.09,6.823279708641857,4.7350712585824875,22.58543833580981,4.102258543833581,205.6751581052006,20467.515810520064
2025-02-12 21:38:47.151434,Web,Interacción,Reel,43222,25908,3057,1926,512,162,11954.25,440025.73,4.456064041460368,11.799444187123669,31.640625,23.34814453125,36.809145701319615,3580.9145701319617
2025-02-13 06:22:20.093395,Facebook,Conversión,Imagen,45476,37164,2959,831,176,58,1431.41,175786.83,1.827337496701557,7.962006242600365,32.95454545454545,8.133011363636363,122.80676396001144,12180.676396001143
2025-02-13 15:05:53.035356,TikTok,Captación,Reel,46710,27467,2498,511,134,8,3313.78,11318.23,1.0939841575679727,9.094549823424474,5.970149253731343,24.729701492537316,3.4155043485083496,241.55043485083496
2025-02-13 23:49:25.977318,Web,Reconocimiento,Video,10968,9799,203,342,26,5,10014.17,6935.2,3.1181619256017505,2.0716399632615574,19.230769230769234,385.1603846153846,0.692538672700783,-30.746132729921705
2025-02-14 08:32:58.919279,Facebook,Interacción,Reel,3462,2366,169,203,27,4,12896.42,13001.38,5.86366262276141,7.142857142857142,14.814814814814813,477.6451851851852,1.0081386927534928,0.8138692753492762
2025-02-14 17:16:31.861240,Instagram,Conversión,Artículo,10460,8591,204,683,183,43,4163.85,212292.76,6.529636711281071,2.3745780467931557,23.497267759562842,22.753278688524592,50.98472807617949,4998.472807617949
2025-02-15 02:00:04.803202,Instagram,Conversión,Video,34783,23301,1792,1067,107,30,5244.28,36127.57,3.067590489606992,7.690657053345349,28.037383177570092,49.01196261682243,6.888947577169793,588.8947577169793
2025-02-15 10:43:37.745163,Facebook,Captación,Imagen,10275,7908,886,459,31,4,8288.25,8000.29,4.467153284671533,11.20384420839656,12.903225806451612,267.36290322580646,0.9652568395017043,-3.474316049829578
2025-02-15 19:27:10.687124,TikTok,Conversión,Video,29677,18316,2140,1171,289,62,3567.81,276007.15,3.9458166256697105,11.683773749727015,21.453287197231834,12.345363321799308,77.36038354060335,7636.038354060335
2025-02-16 04:10:43.629086,Web,Captación,Reel,14269,8577,635,552,142,37,12261.77,40831.07,3.8685261756254823,7.403521044654308,26.056338028169012,86.35049295774648,3.3299491019648877,232.99491019648877
2025-02-16 12:54:16.571047,Instagram,Captación,Video,1406,1234,81,36,3,0,11717.73,0.0,2.5604551920341394,6.564019448946515,0.0,3905.91,0.0,-100.0
2025-02-16 21:37:49.513008,Facebook,Interacción,Reel,8384,7303,836,163,42,12,2606.73,36024.01,1.944179389312977,11.447350403943584,28.57142857142857,62.065,13.819616914678544,1281.9616914678543
2025-02-17 06:21:22.454969,Facebook,Interacción,Imagen,23553,20270,1770,559,123,28,7225.53,70412.17,2.373370695877383,8.732116428219044,22.76422764227642,58.74414634146341,9.744914213905416,874.4914213905415
2025-02-17 15:04:55.396931,Instagram,Reconocimiento,Reel,25366,19503,516,351,63,21,11735.0,44113.83,1.3837420168729795,2.6457468081833566,33.33333333333333,186.26984126984127,3.7591674478057095,275.916744780571
2025-02-17 23:48:28.338892,Instagram,Interacción,Imagen,45036,37510,2497,1074,276,41,5391.28,83963.57,2.3847588595790037,6.656891495601173,14.855072463768115,19.533623188405794,15.573958317876276,1457.3958317876277
2025-02-18 08:32:01.280853,Facebook,Interacción,Imagen,18369,10546,464,195,30,2,9680.05,4168.74,1.0615711252653928,4.399772425564195,6.666666666666667,322.6683333333333,0.43065273423174466,-56.93472657682553
2025-02-18 17:15:34.222815,Web,Captación,Artículo,12795,8536,571,689,67,13,1228.09,58710.25,5.384915982805784,6.689315838800375,19.402985074626866,18.32970149253731,47.80614612935534,4680.614612935535
2025-02-19 01:59:07.164776,Facebook,Interacción,Video,5485,3618,237,176,21,1,9325.99,3839.94,3.208751139471285,6.550580431177446,4.761904761904762,444.09476190476187,0.411746098805596,-58.8253901194404
2025-02-19 10:42:40.106737,Facebook,Captación,Reel,42669,32960,2577,3333,587,200,2713.47,722567.33,7.8112915699922665,7.818567961165049,34.07155025553663,4.622606473594548,266.2890431808717,26528.90431808717
2025-02-19 19:26:13.048699,TikTok,Captación,Video,3618,2440,135,85,15,0,12543.46,0.0,2.3493642896627973,5.532786885245901,0.0,836.2306666666666,0.0,-100.0
2025-02-20 04:09:45.990660,Facebook,Interacción,Artículo,31143,18747,682,1065,267,73,5654.02,137231.36,3.419709083903285,3.6379153997973006,27.340823970037455,21.17610486891386,24.271467027000252,2327.1467027000253
2025-02-20 12:53:18.932621,Web,Reconocimiento,Artículo,30425,23085,1624,1066,264,54,4582.53,183372.11,3.503697617091208,7.034871128438381,20.454545454545457,17.35806818181818,40.015473984894804,3901.54739848948
2025-02-20 21:36:51.874583,Web,Reconocimiento,Reel,23673,19767,2036,250,48,7,12692.89,19125.95,1.0560554217885356,10.299994941063389,14.583333333333334,264.4352083333333,1.5068238990489953,50.68238990489953
2025-02-21 06:20:24.816544,Instagram,Conversión,Imagen,10603,7249,626,728,178,12,1227.09,49035.06,6.865981326039799,8.635673886053247,6.741573033707865,6.893764044943819,39.960442999291004,3896.0442999291013
2025-02-21 15:03:57.758505,Facebook,Conversión,Reel,40696,24266,1306,498,48,11,6250.83,23087.63,1.2237074896795754,5.3820159894502595,22.916666666666664,130.225625,3.6935302991762695,269.353029917627
2025-02-21 23:47:30.700466,Facebook,Interacción,Imagen,6368,3940,447,482,30,6,5865.05,21008.1,7.569095477386935,11.345177664974619,20.0,195.50166666666667,3.5819131976709486,258.1913197670949
2025-02-22 08:31:03.642428,Instagram,Reconocimiento,Video,5621,3558,395,407,109,14,4629.61,63074.09,7.240704500978473,11.101742551995503,12.844036697247708,42.473486238532104,13.624061206019514,1262.4061206019514
2025-02-22 17:14:36.584389,Instagram,Captación,Imagen,15719,10295,421,746,51,16,13720.44,39824.51,4.745848972580953,4.0893637688198154,31.372549019607842,269.0282352941177,2.9025679934462745,190.25679934462744
2025-02-23 01:58:09.526350,TikTok,Conversión,Video,30227,23425,560,1452,162,22,11388.46,23755.88,4.803652363780726,2.390608324439701,13.580246913580247,70.29913580246912,2.0859607005688217,108.59607005688217
2025-02-23 10:41:42.468312,Facebook,Captación,Imagen,44894,34134,3213,2503,560,103,1426.89,305643.59,5.575355281329354,9.41290209175602,18.392857142857146,2.5480178571428573,214.20262949491553,21320.26294949155
2025-02-23 19:25:15.410273,Instagram,Conversión,Imagen,8566,6798,698,317,48,10,10862.97,22530.84,3.700677095493813,10.267725801706383,20.833333333333336,226.311875,2.074095758342332,107.40957583423318
2025-02-24 04:08:48.352234,Instagram,Interacción,Imagen,13306,9006,1051,735,197,15,8145.84,54350.2,5.523823838869682,11.669997779258273,7.614213197969544,41.34944162436548,6.672141854001551,567.2141854001552
2025-02-24 12:52:21.294196,Web,Reconocimiento,Video,25042,20995,2288,328,40,13,13562.58,62326.4,1.3097995367782125,10.897832817337463,32.5,339.0645,4.595467823968596,359.54678239685956
2025-02-24 21:35:54.236157,Instagram,Conversión,Reel,16086,9996,800,221,11,1,5037.71,2839.55,1.3738654730821833,8.003201280512204,9.090909090909092,457.9736363636364,0.5636588846916556,-43.63411153083444
2025-02-25 06:19:27.178118,Instagram,Reconocimiento,Reel,18387,13131,958,772,96,7,8825.35,19305.99,4.198618589220645,7.295712436219633,7.291666666666667,91.93072916666667,2.1875608332814,118.75608332813997
2025-02-25 15:03:00.120080,Facebook,Captación,Reel,28042,23284,530,1359,264,43,7760.95,152618.01,4.846301975608017,2.276241195670847,16.28787878787879,29.39753787878788,19.664861904792584,1866.4861904792583
2025-02-25 23:46:33.062041,Web,Interacción,Video,24888,15257,681,1795,258,59,7598.63,72846.68,7.212311153969784,4.463524939372091,22.868217054263564,29.45205426356589,9.586817623703219,858.6817623703218
2025-02-26 08:30:06.004002,Instagram,Reconocimiento,Artículo,27514,16190,1067,476,87,17,7113.53,31700.34,1.7300283492040416,6.590487955528104,19.54022988505747,81.76471264367815,4.456344459080091,345.6344459080091
2025-02-26 17:13:38.945963,TikTok,Interacción,Reel,19323,16604,1375,1305,351,90,3481.63,419374.19,6.753609687936655,8.281137075403517,25.64102564102564,9.91917378917379,120.4534054451507,11945.34054451507
2025-02-27 01:57:11.887925,TikTok,Reconocimiento,Reel,19019,12743,964,469,130,8,11457.79,28910.07,2.465955097534045,7.5649376128070305,6.153846153846154,88.13684615384616,2.5231802991676404,152.31802991676403
2025-02-27 10:40:44.829886,Instagram,Captación,Reel,10890,8596,810,409,47,6,7044.37,5138.79,3.755739210284665,9.422987436016752,12.76595744680851,149.88021276595745,0.7294889393941545,-27.05110606058455
2025-02-27 19:24:17.771847,TikTok,Captación,Reel,41863,23396,1122,1346,222,65,14398.49,107862.75,3.215249743209995,4.795691571208754,29.27927927927928,64.85806306306306,7.491254291248596,649.1254291248596
2025-02-28 04:07:50.713809,Facebook,Interacción,Imagen,46487,36795,2814,1767,330,24,4281.72,88030.0,3.801062662679889,7.647778230737871,7.2727272727272725,12.974909090909092,20.559494782470594,1955.9494782470595
2025-02-28 12:51:23.655770,TikTok,Captación,Reel,11283,7453,214,231,66,20,10399.79,80209.53,2.0473278383408666,2.8713269824231853,30.303030303030305,157.57257575757578,7.7126105430975045,671.2610543097503
2025-02-28 21:34:56.597731,TikTok,Conversión,Artículo,19279,10979,673,872,261,20,14140.4,86548.2,4.523056175112817,6.129884324619728,7.662835249042145,54.17777777777778,6.120633079686572,512.0633079686572
2025-03-01 06:18:29.539693,Facebook,Reconocimiento,Reel,47999,36644,3481,3173,345,103,10120.15,208795.69,6.610554386549721,9.499508787250301,29.855072463768117,29.33376811594203,20.63167937234132,1963.167937234132
2025-03-01 15:02:02.481654,Instagram,Captación,Artículo,23908,15164,1354,978,226,35,13133.46,164861.2,4.090680943617199,8.92904246900554,15.486725663716813,58.11265486725663,12.5527621814815,1155.27621814815
2025-03-01 23:45:35.423615,TikTok,Conversión,Artículo,48466,33217,3954,2149,310,72,12498.47,224811.14,4.434036231585028,11.903543366348558,23.225806451612904,40.31764516129032,17.98709282016119,1698.709282016119
2025-03-02 08:29:08.365577,Facebook,Interacción,Video,38952,22522,1076,2703,140,13,5721.71,48431.03,6.939309919901417,4.777550839179469,9.285714285714286,40.86935714285714,8.464432835638297,746.4432835638297
2025-03-02 17:12:41.307538,Instagram,Conversión,Artículo,36170,21756,1518,2149,112,7,9201.8,23144.12,5.941387890517003,6.97738554881412,6.25,82.15892857142856,2.5151731183029407,151.5173118302941
2025-03-03 01:56:14.249499,Instagram,Interacción,Video,38663,25296,1339,1714,283,32,2765.79,42096.26,4.433179008354241,5.293327008222644,11.307420494699647,9.773109540636042,15.220338492799527,1422.0338492799526
2025-03-03 10:39:47.191460,TikTok,Interacción,Imagen,45172,26263,1682,1266,217,19,8265.13,92056.55,2.8026210927122994,6.404447321326582,8.755760368663594,38.088156682027645,11.137943383830624,1013.7943383830624
2025-03-03 19:23:20.133422,TikTok,Reconocimiento,Reel,48929,42508,4492,3520,195,28,3841.12,36850.17,7.194097569948292,10.567422602804179,14.358974358974358,19.69805128205128,9.593600304077977,859.3600304077976
2025-03-04 04:06:53.075383,Instagram,Reconocimiento,Artículo,10343,5710,504,521,115,23,11284.18,43021.6,5.03722324277289,8.82661996497373,20.0,98.12330434782609,3.812558821287856,281.25588212878563
2025-03-04 12:50:26.017344,Facebook,Conversión,Artículo,11637,8371,906,296,36,8,8156.85,33737.9,2.5436108962791097,10.82307967984709,22.22222222222222,226.57916666666668,4.136143241569969,313.61432415699693
2025-03-04 21:33:58.959306,Instagram,Reconocimiento,Imagen,35724,21189,854,1030,195,55,6462.8,186895.9,2.883215765311835,4.030393128510076,28.205128205128204,33.1425641025641,28.91871944049019,2791.871944049019
2025-03-05 06:17:31.901267,TikTok,Reconocimiento,Imagen,40791,26827,2879,2701,338,83,4397.56,358578.8,6.621558677159177,10.731725500428672,24.556213017751478,13.0105325443787,81.54039967618405,8054.039967618405
2025-03-05 15:01:04.843228,Instagram,Reconocimiento,Reel,30134,26340,684,394,36,8,14981.13,23728.74,1.3074931970531625,2.5968109339407746,22.22222222222222,416.1425,1.5839085569646618,58.39085569646617
2025-03-05 23:44:37.785190,TikTok,Conversión,Video,47830,29013,3158,3799,576,99,1539.8,235953.79,7.942713777963621,10.88477579016303,17.1875,2.6732638888888887,153.23664761657358,15223.664761657361
2025-03-06 08:28:10.727151,Facebook,Captación,Reel,48101,42715,2259,919,99,19,1131.63,88763.27,1.9105631899544708,5.288540325412618,19.19191919191919,11.430606060606062,78.4384206852063,7743.842068520628
2025-03-06 17:11:43.669112,Web,Reconocimiento,Video,4907,3052,157,322,59,10,3650.23,9522.6,6.562054208273895,5.144167758846658,16.94915254237288,61.868305084745764,2.608767118784296,160.8767118784296
2025-03-07 01:55:16.611074,Instagram,Reconocimiento,Imagen,34575,27990,1993,1301,129,39,14580.55,171434.13,3.762834417932032,7.120400142908181,30.23255813953488,113.02751937984496,11.75772724622871,1075.772724622871
2025-03-07 10:38:49.553035,Facebook,Conversión,Reel,47799,35435,4042,2124,376,44,14698.95,77855.13,4.4436076068537,11.406801185268801,11.702127659574469,39.09295212765958,5.296645678772974,429.6645678772974
2025-03-07 19:22:22.494996,Instagram,Captación,Artículo,5827,5008,124,417,37,1,9996.45,4364.69,7.156341170413592,2.476038338658147,2.7027027027027026,270.17432432432435,0.4366240015205397,-56.33759984794603
2025-03-08 04:05:55.436957,Web,Reconocimiento,Imagen,31607,23512,1298,1229,267,65,13261.55,90000.68,3.8883791565159616,5.520585233072474,24.344569288389515,49.6687265917603,6.786588294731762,578.6588294731762
2025-03-08 12:49:28.378919,Web,Interacción,Imagen,14699,10834,1144,700,166,18,3602.45,58264.55,4.762228723042384,10.559350193834225,10.843373493975903,21.701506024096386,16.173590195561356,1517.3590195561355
2025-03-08 21:33:01.320880,Instagram,Conversión,Video,38292,23680,1411,515,39,12,14594.61,54360.64,1.344928444583725,5.958614864864865,30.76923076923077,374.22076923076924,3.7247065868837876,272.47065868837876
2025-03-09 06:16:34.262841,TikTok,Reconocimiento,Artículo,48961,29777,1188,497,82,25,2570.38,69721.66,1.0150936459631135,3.989656446250462,30.48780487804878,31.34609756097561,27.125039877372217,2612.503987737222
2025-03-09 15:00:07.204803,TikTok,Reconocimiento,Artículo,26883,23408,1462,729,49,3,1966.32,11806.74,2.711750920656177,6.245727956254272,6.122448979591836,40.12897959183673,6.004485536433541,500.4485536433541
2025-03-09 23:43:40.146764,TikTok,Interacción,Reel,49991,33231,1945,2881,574,47,2127.07,196442.18,5.76303734672241,5.8529686136438865,8.188153310104529,3.7056968641114985,92.35341573149918,9135.341573149919
2025-03-10 08:27:13.088725,Facebook,Interacción,Imagen,6313,4294,478,116,13,2,8810.35,7786.55,1.8374782195469668,11.131811830461109,15.384615384615385,677.7192307692308,0.8837957629379083,-11.620423706209177
2025-03-10 17:10:46.030687,Instagram,Conversión,Imagen,14598,11911,1145,262,47,10,11824.13,46863.85,1.7947664063570352,9.612962807488875,21.27659574468085,251.5772340425532,3.9634078786346225,296.3407878634623
2025-03-11 01:54:18.972648,Instagram,Conversión,Video,46826,31307,2207,1815,325,43,5816.67,115098.26,3.8760517661128433,7.049541636055833,13.230769230769232,17.897446153846154,19.787655136014248,1878.7655136014248
2025-03-11 10:37:51.914609,Web,Interacción,Reel,29807,26326,3128,1649,463,122,14679.49,186309.48,5.532257523400543,11.881789865532173,26.34989200863931,31.705161987041038,12.691822399824519,1169.1822399824518
2025-03-11 19:21:24.856571,Web,Conversión,Reel,5887,4758,316,352,65,14,6799.09,14011.29,5.9792763716663835,6.64144598570828,21.53846153846154,104.60138461538462,2.060759601652574,106.07596016525743
2025-03-12 04:04:57.798532,TikTok,Interacción,Video,4854,3684,95,109,21,3,2681.5,5505.39,2.245570663370416,2.5787187839305106,14.285714285714285,127.69047619047619,2.0531008763751633,105.31008763751632
2025-03-12 12:48:30.740493,Facebook,Reconocimiento,Reel,46226,39676,1834,719,108,6,7256.52,8408.58,1.5554017219746463,4.622441778405081,5.555555555555555,67.19,1.1587620512311685,15.876205123116858
2025-03-12 21:32:03.682454,Facebook,Interacción,Video,15536,8814,560,1178,338,92,10346.04,289191.39,7.5823892893923786,6.353528477422282,27.218934911242602,30.60958579881657,27.95189173828827,2695.1891738288273
2025-03-13 06:15:36.624416,TikTok,Interacción,Video,4558,2916,104,128,31,3,12567.27,4730.31,2.808249232119351,3.5665294924554183,9.67741935483871,405.39580645161294,0.3763991702255144,-62.36008297744856
2025-03-13 14:59:09.566377,Web,Captación,Video,10772,7677,880,751,91,27,7152.14,26015.08,6.971778685480877,11.462810993877817,29.67032967032967,78.59494505494506,3.637384055681237,263.7384055681237
2025-03-13 23:42:42.508338,Web,Interacción,Artículo,37343,23505,2272,2630,686,120,9107.3,114138.87,7.042819270010443,9.666028504573495,17.49271137026239,13.275947521865888,12.532679279259495,1153.2679279259496
2025-03-14 08:26:15.450300,TikTok,Interacción,Reel,36186,29323,1373,2318,366,81,4376.5,347699.94,6.405792295362847,4.682331275790335,22.131147540983605,11.957650273224044,79.44703301725123,7844.703301725123
2025-03-14 17:09:48.392261,TikTok,Captación,Artículo,37966,33095,2617,828,212,66,9865.79,216749.92,2.1808986988358003,7.907538903157577,31.132075471698112,46.536745283018874,21.969849348100862,2096.984934810086
2025-03-15 01:53:21.334222,Instagram,Conversión,Reel,34769,24279,2237,2347,600,185,14796.59,426232.28,6.750266041588772,9.213723794225462,30.833333333333336,24.660983333333334,28.806115463089807,2780.6115463089805
2025-03-15 10:36:54.276184,Instagram,Captación,Reel,40887,27383,3125,2610,253,40,1211.28,182230.31,6.383447061413163,11.412190044918379,15.810276679841898,4.787667984189723,150.44441417343637,14944.441417343638
2025-03-15 19:20:27.218145,Web,Reconocimiento,Reel,20229,17933,1939,1047,235,26,13354.69,28465.47,5.175737802165208,10.81246863324597,11.063829787234042,56.82846808510639,2.131496126080051,113.14961260800513
2025-03-16 04:04:00.160106,TikTok,Captación,Reel,10673,7531,538,358,43,12,8653.1,59008.23,3.3542584090696153,7.143805603505511,27.906976744186046,201.23488372093024,6.81931677664652,581.931677664652
2025-03-16 12:47:33.102068,Instagram,Reconocimiento,Video,28877,20825,2029,819,101,18,4155.43,60991.66,2.8361671918828133,9.743097238895558,17.82178217821782,41.14287128712871,14.677580900171582,1367.7580900171583
2025-03-16 21:31:06.044029,Instagram,Conversión,Imagen,32601,21942,1672,604,74,7,14345.9,10993.85,1.8527039047881968,7.62008932640598,9.45945945945946,193.8635135135135,0.7663409057640163,-23.365909423598374
2025-03-17 06:14:38.985990,TikTok,Captación,Video,39084,33938,2554,1785,413,132,7508.64,482075.91,4.567086275713847,7.525487653957216,31.961259079903147,18.180726392251817,64.20282634405164,6320.282634405165
2025-03-17 14:58:11.927951,Instagram,Captación,Imagen,17244,12918,406,878,94,10,5309.51,40062.01,5.091626072836928,3.142901377922279,10.638297872340425,56.484148936170214,7.545330925075949,654.5330925075948
2025-03-17 23:41:44.869913,Instagram,Conversión,Imagen,28356,23160,755,996,50,2,3131.72,5206.48,3.5124841303427847,3.25993091537133,4.0,62.6344,1.6624985630899314,66.24985630899315
2025-03-18 08:25:17.811874,Facebook,Reconocimiento,Video,17806,14852,1083,770,176,9,4044.56,39769.71,4.324385038750983,7.291947212496633,5.113636363636364,22.980454545454545,9.832889115256048,883.2889115256048
2025-03-18 17:08:50.753835,TikTok,Captación,Video,24099,16137,756,854,79,18,12576.31,25795.37,3.543715506867505,4.684885666480758,22.78481012658228,159.19379746835443,2.0511079959065897,105.11079959065894
2025-03-19 01:52:23.695797,TikTok,Reconocimiento,Imagen,45641,32030,707,2504,190,47,9408.95,92642.54,5.4862952170197845,2.2073056509522324,24.736842105263158,49.52078947368422,9.846214508526455,884.6214508526455
2025-03-19 10:35:56.637758,Instagram,Captación,Reel,38034,32213,2972,2779,303,43,13742.06,51284.72,7.306620392280591,9.226088846118028,14.19141914191419,45.35333333333333,3.731952851319235,273.19528513192347
2025-03-19 19:19:29.579719,TikTok,Interacción,Video,41317,27977,650,887,128,18,3863.54,30342.36,2.146816080547959,2.3233370268434785,14.0625,30.18390625,7.8535125817255675,685.3512581725568
2025-03-20 04:03:02.521681,Instagram,Captación,Artículo,20094,16635,1322,737,124,18,2256.51,32447.9,3.6677615208519954,7.9470994890291555,14.516129032258066,18.197661290322582,14.37968367080137,1337.9683670801369
2025-03-20 12:46:35.463642,Facebook,Conversión,Video,11589,10190,753,230,14,3,588.27,13962.18,1.9846406074726035,7.389597644749754,21.428571428571427,42.019285714285715,23.734305675965118,2273.4305675965115
2025-03-20 21:30:08.405603,TikTok,Conversión,Imagen,2657,2040,238,142,41,2,7864.0,2256.12,5.344373353406097,11.666666666666666,4.878048780487805,191.8048780487805,0.28689216683621566,-71.31078331637843
2025-03-21 06:13:41.347565,TikTok,Reconocimiento,Artículo,33764,27334,1870,2060,471,154,14975.45,399652.1,6.1011728468190976,6.841296553742591,32.696390658174096,31.795010615711256,26.68715130430137,2568.715130430137
2025-03-21 14:57:14.289526,TikTok,Captación,Video,40531,33713,888,3049,398,46,10577.0,139659.43,7.5226369939059,2.6339987541897787,11.557788944723619,26.57537688442211,13.204068261321735,1220.4068261321736
2025-03-21 23:40:47.231487,TikTok,Reconocimiento,Video,4164,3521,264,122,15,5,4971.72,22872.55,2.9298751200768494,7.497869923317239,33.33333333333333,331.44800000000004,4.600530601079706,360.0530601079706
2025-03-22 08:24:20.173448,TikTok,Reconocimiento,Video,28542,19644,2045,2183,353,35,13214.45,174661.34,7.64837782916404,10.410303400529424,9.91501416430595,37.43470254957507,13.21745059385748,1221.745059385748
2025-03-22 17:07:53.115410,Instagram,Interacción,Reel,19437,11039,1321,280,57,16,11834.97,63427.68,1.440551525441169,11.966663647069481,28.07017543859649,207.63105263157894,5.359344383635953,435.93443836359535
2025-03-23 01:51:26.057371,Facebook,Interacción,Video,42247,29178,1839,2205,190,22,723.52,107301.09,5.219305512817478,6.302693810405099,11.578947368421053,3.808,148.30424867315347,14730.424867315347
2025-03-23 10:34:58.999332,Instagram,Conversión,Imagen,39505,31043,1615,553,53,3,12344.48,12317.47,1.39982280723959,5.202461102341912,5.660377358490567,232.91471698113207,0.9978119774992548,-0.21880225007452903
2025-03-23 19:18:31.941294,Instagram,Reconocimiento,Video,20601,14577,1613,1494,395,123,4857.64,595990.48,7.2520751419834,11.065376963709953,31.139240506329113,12.297822784810128,122.69136453092447,12169.136453092446
2025-03-24 04:02:04.883255,Web,Conversión,Reel,29430,23901,935,1385,157,48,2670.27,180985.78,4.706082229018009,3.9119702104514458,30.573248407643312,17.00808917197452,67.77808236620267,6677.808236620267
2025-03-24 12:45:37.825216,Facebook,Captación,Artículo,7009,4730,385,398,57,9,3781.8,10215.06,5.678413468397774,8.13953488372093,15.789473684210526,66.34736842105264,2.7011105822624146,170.11105822624145
2025-03-24 21:29:10.767178,Web,Reconocimiento,Imagen,5552,4287,259,378,101,26,7294.41,64689.68,6.80835734870317,6.041520877070212,25.742574257425744,72.22188118811881,8.868391000780049,786.839100078005
2025-03-25 06:12:43.709139,TikTok,Reconocimiento,Imagen,10417,6409,154,213,45,9,6660.58,31641.38,2.044734568493808,2.402870962708691,20.0,148.01288888888888,4.750544246897418,375.0544246897418
2025-03-25 14:56:16.651100,TikTok,Captación,Reel,42989,34919,1911,546,73,22,4688.87,50006.39,1.2700923492056106,5.472665311148658,30.136986301369863,64.23109589041096,10.664912868132408,966.4912868132407
2025-03-25 23:39:49.593062,Facebook,Captación,Imagen,3671,2720,126,262,57,8,2997.17,15585.7,7.137019885589757,4.632352941176471,14.035087719298245,52.581929824561406,5.2001387975990685,420.01387975990684
2025-03-26 08:23:22.535023,TikTok,Conversión,Reel,7519,4672,413,240,13,2,11552.35,6450.15,3.1919138183269053,8.839897260273972,15.384615384615385,888.6423076923077,0.5583409436175323,-44.16590563824677
2025-03-26 17:06:55.476984,Facebook,Conversión,Reel,37730,24606,2826,717,167,32,14856.59,151062.65,1.9003445534057777,11.485003657644477,19.16167664670659,88.96161676646706,10.168056734418867,916.8056734418867
2025-03-27 01:50:28.418945,Instagram,Captación,Video,13734,11152,521,587,100,15,11777.98,14203.86,4.274064365807486,4.67180774748924,15.0,117.7798,1.2059674069747106,20.596740697471052
2025-03-27 10:34:01.360907,TikTok,Conversión,Artículo,46890,33709,3409,2432,616,195,4791.09,786000.36,5.186606952441885,10.113026194784776,31.655844155844154,7.777743506493507,164.0546013537629,16305.460135376294
2025-03-27 19:17:34.302868,Instagram,Captación,Reel,4722,2954,75,57,16,1,4049.73,3835.45,1.207115628970775,2.5389302640487474,6.25,253.108125,0.9470878305467277,-5.291216945327224
2025-03-28 04:01:07.244829,Instagram,Reconocimiento,Video,5906,5247,387,172,48,4,3656.16,19394.42,2.9122925838130715,7.375643224699828,8.333333333333332,76.17,5.304587326594022,430.4587326594022
2025-03-28 12:44:40.186791,TikTok,Reconocimiento,Reel,31096,24885,673,382,105,23,2482.08,108306.7,1.2284538204270645,2.704440425959413,21.904761904761905,23.63885714285714,43.63545896989621,4263.545896989622
2025-03-28 21:28:13.128752,Instagram,Interacción,Reel,41031,36312,4117,1617,287,70,8494.29,280096.37,3.9409227169700958,11.337849746640229,24.390243902439025,29.596829268292687,32.97466533400672,3197.4665334006727
2025-03-29 06:11:46.070713,Web,Reconocimiento,Imagen,14699,10281,993,1067,149,16,9278.31,47771.47,7.258997210694605,9.65859352203093,10.738255033557047,62.27053691275167,5.1487253605451855,414.87253605451866
2025-03-29 14:55:19.012675,Web,Captación,Imagen,22438,16072,1378,1767,293,48,10729.79,79580.34,7.875033425438987,8.573917371826779,16.38225255972696,36.62044368600683,7.4167658453706915,641.6765845370691
2025-03-29 23:38:51.954636,Web,Conversión,Imagen,44856,38768,3969,2448,544,181,10363.09,559288.19,5.457463884430177,10.237825010317787,33.27205882352941,19.049797794117648,53.969249519207104,5296.924951920711
2025-03-30 08:22:24.896597,Facebook,Interacción,Video,34576,25370,2150,736,199,24,4738.83,96347.48,2.128644146228598,8.47457627118644,12.060301507537687,23.81321608040201,20.331491106454546,1933.1491106454546
2025-03-30 17:05:57.838559,Instagram,Conversión,Reel,42938,34245,4003,3152,320,80,5289.51,364944.86,7.34081699194187,11.689297707694553,25.0,16.52971875,68.99407695608855,6799.407695608855
2025-03-31 01:49:30.780520,Web,Captación,Reel,33247,21220,1939,1533,428,116,10381.96,477547.69,4.610942340662316,9.137606032045241,27.102803738317753,24.256915887850464,45.99783566879472,4499.783566879472
2025-03-31 10:33:03.722481,Facebook,Reconocimiento,Video,44461,31405,3531,923,234,43,5566.99,69665.21,2.075976698679742,11.243432574430823,18.37606837606838,23.790555555555553,12.513981523228892,1151.3981523228892
2025-03-31 19:16:36.664442,Web,Interacción,Reel,28938,17166,1231,2156,635,210,3583.04,696923.33,7.45041122399613,7.17115227775836,33.07086614173229,5.642582677165354,194.50615399214075,19350.61539921407
2025-04-01 04:00:09.606404,Web,Captación,Imagen,41469,25797,817,2613,705,191,5927.87,419269.55,6.301092382261449,3.167034926541846,27.092198581560282,8.408326241134752,70.72853318308262,6972.853318308262
2025-04-01 12:43:42.548365,Web,Interacción,Video,18600,10236,745,1138,136,25,4445.22,20966.6,6.118279569892473,7.278233685033215,18.38235294117647,32.68544117647059,4.716661942491035,371.66619424910346
2025-04-01 21:27:15.490326,Instagram,Interacción,Reel,21435,12083,394,1278,97,21,1780.53,34459.49,5.96221133659902,3.2607796077133164,21.649484536082475,18.355979381443298,19.35350148551274,1835.350148551274
2025-04-02 06:10:48.432288,Facebook,Reconocimiento,Video,19581,17467,1384,470,36,9,12537.01,11479.74,2.400285991522394,7.923512910058967,25.0,348.2502777777778,0.9156680899193667,-8.433191008063329
2025-04-02 14:54:21.374249,Web,Captación,Video,15191,9643,658,376,46,10,12870.12,43394.2,2.4751497597261536,6.823602613294617,21.73913043478261,279.78521739130434,3.371701273958595,237.1701273958595
2025-04-02 23:37:54.316210,Facebook,Conversión,Video,20190,15791,1298,1174,238,74,3686.38,139543.74,5.814759782070332,8.21987207903236,31.092436974789916,15.488991596638655,37.85386747974978,3685.3867479749774
2025-04-03 08:21:27.258172,Instagram,Interacción,Artículo,28386,23948,503,720,180,28,1439.2,55880.48,2.5364616360177554,2.100384165692333,15.555555555555555,7.995555555555556,38.82745969983324,3782.7459699833244
2025-04-03 17:05:00.200133,TikTok,Interacción,Imagen,32721,24302,959,1331,365,51,11213.0,246418.41,4.067724091561994,3.9461772693605464,13.972602739726028,30.720547945205478,21.97613573530723,2097.613573530723
2025-04-04 01:48:33.142094,Web,Conversión,Artículo,14704,8875,613,951,195,22,3567.17,52627.61,6.467627856365615,6.907042253521127,11.282051282051283,18.293179487179486,14.7533226619421,1375.33226619421
2025-04-04 10:32:06.084056,TikTok,Captación,Reel,3123,2513,289,202,10,0,6204.81,0.0,6.468139609349984,11.500198965380024,0.0,620.481,0.0,-100.0
2025-04-04 19:15:39.026017,TikTok,Interacción,Video,26174,19894,1161,1092,105,6,1429.96,11952.92,4.172079162527699,5.835930431285815,5.714285714285714,13.618666666666668,8.358919130605052,735.8919130605051
2025-04-05 03:59:11.967978,Instagram,Interacción,Reel,45301,36509,2279,2965,222,69,3780.91,89773.02,6.545109379483896,6.242296420060807,31.08108108108108,17.031126126126125,23.74376010008173,2274.3760100081727
2025-04-05 12:42:44.909939,TikTok,Interacción,Reel,48216,39508,3613,3312,466,118,11997.08,145351.92,6.869089099054255,9.144983294522628,25.321888412017167,25.74480686695279,12.115608131311953,1111.5608131311956
2025-04-05 21:26:17.851901,Web,Captación,Imagen,15586,13893,1116,870,152,37,12163.75,41641.52,5.581932503528808,8.032822284603757,24.342105263157894,80.02467105263158,3.4234113657383616,242.34113657383617
2025-04-06 06:09:50.793862,Instagram,Captación,Video,32976,24756,1235,857,52,12,3502.73,39500.28,2.598859776807375,4.988689610599451,23.076923076923077,67.3601923076923,11.276998227097149,1027.699822709715
2025-04-06 14:53:23.735823,Facebook,Conversión,Reel,26416,17687,1080,770,105,32,5370.75,51048.33,2.9149000605693516,6.106179679990953,30.476190476190478,51.15,9.50487920681469,850.4879206814691
2025-04-06 23:36:56.677785,Web,Captación,Video,2814,2186,91,90,8,1,2446.46,2317.22,3.1982942430703627,4.1628545288197625,12.5,305.8075,0.9471726494608536,-5.282735053914645
2025-04-07 08:20:29.619746,TikTok,Captación,Reel,14001,8035,936,254,53,16,1575.5,70727.59,1.8141561317048784,11.64903546981954,30.18867924528302,29.72641509433962,44.89215487146937,4389.215487146937
2025-04-07 17:04:02.561707,TikTok,Reconocimiento,Imagen,17508,15128,500,509,84,13,14886.49,33568.86,2.907242403472698,3.305129561078794,15.476190476190476,177.22011904761905,2.2549882477333476,125.49882477333476
2025-04-08 01:47:35.503669,TikTok,Conversión,Reel,20630,12208,698,508,88,28,10006.11,130085.3,2.4624333494910324,5.717562254259502,31.818181818181817,113.70579545454547,13.000586641562005,1200.0586641562006
2025-04-08 10:31:08.445630,Facebook,Interacción,Reel,14380,9559,215,602,94,24,8360.4,69392.16,4.186369958275382,2.2491892457370017,25.53191489361702,88.94042553191488,8.300100473661548,730.0100473661548
2025-04-08 19:14:41.387591,Instagram,Captación,Reel,49174,41085,1732,3618,1045,132,11599.73,326715.02,7.357546671005003,4.215650480710722,12.631578947368421,11.10022009569378,28.165743512995565,2716.5743512995564
2025-04-09 03:58:14.329553,TikTok,Interacción,Reel,36699,27856,2731,635,65,14,12681.12,55322.87,1.7302923785389248,9.803991958644458,21.53846153846154,195.09415384615386,4.362617024363779,336.26170243637785
2025-04-09 12:41:47.271514,TikTok,Interacción,Imagen,47335,32555,1306,2859,512,107,12197.36,118484.89,6.039928171543255,4.01167255413915,20.8984375,23.82296875,9.71397827070776,871.397827070776
2025-04-09 21:25:20.213475,Web,Reconocimiento,Artículo,47806,34214,958,2777,649,59,739.82,69372.74,5.808894281052587,2.800023382241188,9.090909090909092,1.1399383667180278,93.76975480522289,9276.97548052229
2025-04-10 06:08:53.155436,Web,Captación,Artículo,13317,11307,762,222,42,9,3208.71,31844.61,1.6670421266050912,6.739188113557973,21.428571428571427,76.39785714285715,9.924427573697841,892.4427573697841
2025-04-10 14:52:26.097398,Facebook,Conversión,Imagen,36739,24578,516,2739,773,111,9996.13,315811.76,7.455292740684287,2.0994385222556757,14.359637774902975,12.931604139715393,31.593402646824323,3059.3402646824325
2025-04-10 23:35:59.039359,Facebook,Captación,Reel,35785,30573,870,1781,257,16,5948.51,65915.9,4.976945647617717,2.8456481208909823,6.22568093385214,23.145953307392997,11.081077446284867,1008.1077446284866
2025-04-11 08:19:31.981320,TikTok,Interacción,Imagen,32980,19156,1930,1169,193,64,14746.0,297493.6,3.5445724681625226,10.075172269784924,33.160621761658035,76.4041450777202,20.174528685745287,1917.4528685745286
2025-04-11 17:03:04.923282,TikTok,Conversión,Reel,24799,20381,1979,1561,112,27,10148.37,65640.8,6.29460865357474,9.710024041999901,24.107142857142858,90.61044642857144,6.468112613158566,546.8112613158567
2025-04-12 01:46:37.865243,TikTok,Captación,Reel,36183,30634,3416,1013,204,63,14369.96,208210.09,2.799657297625957,11.151008683162498,30.88235294117647,70.44098039215686,14.489260234544842,1348.9260234544845
2025-04-12 10:30:10.807204,TikTok,Interacción,Imagen,30166,18510,1951,1766,215,54,3420.97,156758.0,5.8542730226082345,10.540248514316586,25.116279069767444,15.911488372093022,45.82267602463629,4482.2676024636285
2025-04-12 19:13:43.749166,Web,Interacción,Video,20480,14348,1267,261,23,3,13027.38,14768.29,1.2744140625,8.830499024254252,13.043478260869565,566.4078260869564,1.1336346986116934,13.363469861169335
2025-04-13 03:57:16.691127,Facebook,Reconocimiento,Artículo,2609,1586,40,179,33,6,5159.61,25743.33,6.860866232272901,2.5220680958385877,18.181818181818183,156.35181818181817,4.989394547262294,398.93945472622937
2025-04-13 12:40:49.633088,Facebook,Reconocimiento,Reel,1717,1368,134,71,12,3,14848.69,13887.9,4.135119394292371,9.7953216374269,25.0,1237.3908333333334,0.9352946286844159,-6.470537131558412
2025-04-13 21:24:22.575050,Instagram,Reconocimiento,Imagen,20945,15444,1614,1142,78,26,2786.49,48573.94,5.452375268560516,10.45066045066045,33.33333333333333,35.724230769230765,17.431944848178176,1643.1944848178177
2025-04-14 06:07:55.517011,TikTok,Interacción,Imagen,26592,20538,2051,677,152,19,7986.93,76847.61,2.545878459687124,9.986366734832993,12.5,52.54559210526316,9.621670654431677,862.1670654431676
2025-04-14 14:51:28.458972,Instagram,Captación,Artículo,29141,18031,1277,1672,344,107,11996.25,204903.67,5.737620534641914,7.082247240862959,31.1046511627907,34.87281976744186,17.080643534437847,1608.0643534437847
2025-04-14 23:35:01.400933,Facebook,Reconocimiento,Imagen,31009,19353,837,1986,193,63,6773.32,105633.27,6.404592215163339,4.324910866532321,32.64248704663213,35.09492227979275,15.595493790342108,1459.549379034211
2025-04-15 08:18:34.342895,Facebook,Captación,Imagen,46430,26210,2739,2002,335,84,7287.22,400337.1,4.311867327159164,10.450209843571157,25.07462686567164,21.752895522388062,54.93687579076794,5393.687579076795
2025-04-15 17:02:07.284856,Instagram,Reconocimiento,Video,7782,5157,478,414,95,31,14802.16,27313.44,5.319969159599075,9.268954818693038,32.631578947368425,155.8122105263158,1.8452333983688867,84.52333983688867
2025-04-16 01:45:40.226817,TikTok,Conversión,Reel,27536,20539,2425,1154,210,35,6666.97,169912.14,4.190877396862289,11.806806563123812,16.666666666666664,31.747476190476192,25.48566140240619,2448.566140240619
2025-04-16 10:29:13.168779,Instagram,Conversión,Video,34816,29603,1052,2527,376,126,9259.05,179789.4,7.258157169117648,3.5536938823767863,33.51063829787234,24.625132978723403,19.4176940398853,1841.7694039885305
2025-04-16 19:12:46.110740,Instagram,Reconocimiento,Imagen,26933,21099,898,1207,157,40,1290.83,169665.6,4.481491107563213,4.256125882743258,25.477707006369428,8.221847133757962,131.43915155365153,13043.915155365155
2025-04-17 03:56:19.052701,TikTok,Interacción,Reel,12618,8862,364,869,176,11,12712.05,21547.62,6.886986844190838,4.107424960505529,6.25,72.22755681818181,1.695054692201494,69.50546922014938
2025-04-17 12:39:51.994663,Facebook,Reconocimiento,Imagen,9307,8223,816,615,175,56,9898.44,127285.19,6.607929515418502,9.923385625684057,32.0,56.562514285714286,12.85911618396434,1185.911618396434
2025-04-17 21:23:24.936624,Instagram,Reconocimiento,Video,27671,22184,858,1071,233,45,6358.29,76967.21,3.8704781178851504,3.867652362062748,19.313304721030043,27.2887982832618,12.105017229475221,1110.5017229475222
2025-04-18 06:06:57.878585,Facebook,Interacción,Video,41673,36487,972,1087,74,13,734.46,42369.07,2.608403522664555,2.663962507194343,17.56756756756757,9.925135135135136,57.68737575906108,5668.737575906108
2025-04-18 14:50:30.820547,TikTok,Conversión,Imagen,43761,32149,3853,1681,277,60,9079.2,135720.08,3.841319896711684,11.984820678714735,21.660649819494584,32.77689530685921,14.948462419596437,1394.846241959644
2025-04-18 23:34:03.762508,Instagram,Captación,Video,11338,7263,163,769,209,19,683.54,67659.96,6.782501322984653,2.244251686630869,9.090909090909092,3.2705263157894735,98.98463879217019,9798.46387921702
2025-04-19 08:17:36.704469,TikTok,Reconocimiento,Video,39346,22367,2315,1020,75,14,517.45,12120.06,2.592385502973619,10.350069298520141,18.666666666666668,6.899333333333334,23.422668856894383,2242.2668856894384
2025-04-19 17:01:09.646430,Instagram,Interacción,Video,47602,38278,2164,2223,660,197,9433.43,210863.78,4.6699718499222715,5.653377919431527,29.848484848484848,14.293075757575759,22.352821826207435,2135.2821826207437
2025-04-20 01:44:42.588392,Instagram,Reconocimiento,Artículo,7548,4471,465,501,143,7,3240.75,8530.04,6.637519872813991,10.400357861775888,4.895104895104895,22.662587412587413,2.6321191082311195,163.21191082311196
2025-04-20 10:28:15.530353,Facebook,Interacción,Imagen,41149,26992,2036,1429,99,13,3282.37,33277.06,3.4727453887093245,7.542975696502667,13.131313131313133,33.15525252525252,10.138119712281064,913.8119712281066
2025-04-20 19:11:48.472314,Facebook,Captación,Reel,22164,16320,1797,1218,345,17,9972.44,71776.45,5.495397942609637,11.011029411764707,4.9275362318840585,28.905623188405798,7.197481258348007,619.7481258348006
2025-04-21 03:55:21.414276,TikTok,Captación,Reel,28526,21324,2401,775,109,19,1278.61,86076.6,2.7168197433919934,11.25961358094166,17.431192660550458,11.730366972477063,67.32044955068396,6632.044955068396
2025-04-21 12:38:54.356237,TikTok,Conversión,Reel,32222,24495,512,568,148,39,5044.38,71300.0,1.7627707777295016,2.0902224943866092,26.351351351351347,34.08364864864865,14.134541806921762,1313.4541806921761
2025-04-21 21:22:27.298198,Web,Interacción,Imagen,21176,12879,354,1389,214,61,2666.76,195953.52,6.559312429165093,2.7486606102958304,28.504672897196258,12.461495327102805,73.479998200063,7247.999820006298
2025-04-22 06:06:00.240160,Facebook,Interacción,Imagen,3941,2691,121,66,10,3,8912.56,12081.4,1.6747018523217458,4.496469713861019,30.0,891.256,1.355547676537381,35.554767653738104
2025-04-22 14:49:33.182121,Facebook,Conversión,Video,6695,5128,445,194,40,9,10095.59,18117.75,2.897684839432412,8.677847113884555,22.5,252.38975,1.7946202252666759,79.46202252666758
2025-04-22 23:33:06.124082,TikTok,Conversión,Video,40169,35727,3888,2806,683,86,10956.47,216533.59,6.985486320296746,10.882525820807793,12.591508052708638,16.041683748169838,19.763079714543096,1876.3079714543096
2025-04-23 08:16:39.066044,Instagram,Interacción,Video,48947,39386,2599,1676,97,31,4200.85,93021.44,3.4241117943898502,6.59879144873813,31.958762886597935,43.30773195876289,22.1434804860921,2114.34804860921
2025-04-23 17:00:12.008005,Facebook,Conversión,Imagen,48224,42095,3396,3766,746,210,1794.12,286959.61,7.809389515593895,8.067466444945955,28.150134048257375,2.4049865951742624,159.94449089247095,15894.449089247095
2025-04-24 01:43:44.949966,Instagram,Captación,Imagen,46865,38278,1487,3682,355,78,1640.91,70911.8,7.856609410007469,3.884737969590888,21.971830985915496,4.622281690140845,43.214923426635224,4221.492342663521
2025-04-24 10:27:17.891927,Instagram,Reconocimiento,Reel,26553,20103,2020,764,104,26,6679.2,37486.39,2.8772643392460364,10.048251504750533,25.0,64.22307692307692,5.612407174511918,461.2407174511918
2025-04-24 19:10:50.833889,Web,Captación,Video,39965,24666,2879,514,70,22,14214.74,75521.27,1.2861253596897284,11.671937079380523,31.428571428571427,203.0677142857143,5.312884372137654,431.28843721376546
2025-04-25 03:54:23.775850,TikTok,Conversión,Video,39218,30721,1439,2327,389,102,3657.07,113138.06,5.933499923504513,4.684092314703298,26.221079691516707,9.40120822622108,30.936804600404148,2993.6804600404143
2025-04-25 12:37:56.717811,TikTok,Interacción,Artículo,26359,20248,1406,1095,146,23,4222.75,36724.67,4.154178838347433,6.943895693401818,15.753424657534246,28.92294520547945,8.696861050263454,769.6861050263453
2025-04-25 21:21:29.659773,Facebook,Interacción,Reel,25816,19642,561,440,33,8,1962.89,17751.89,1.7043693833281686,2.8561246308929844,24.242424242424242,59.481515151515154,9.043751814925951,804.3751814925951
2025-04-26 06:05:02.601734,Instagram,Captación,Imagen,9378,6765,513,558,48,2,9280.77,2254.11,5.950095969289827,7.583148558758316,4.166666666666666,193.349375,0.24287963175469277,-75.71203682453071
2025-04-26 14:48:35.543695,Instagram,Interacción,Imagen,2881,2117,148,35,2,0,10358.16,0.0,1.2148559527941687,6.9910250354274925,0.0,5179.08,0.0,-100.0
2025-04-26 23:32:08.485657,Instagram,Conversión,Reel,40567,27060,932,2876,481,82,9822.5,379441.32,7.089506248921537,3.4441980783444195,17.04781704781705,20.42099792099792,38.629811147874776,3762.9811147874775
2025-04-27 08:15:41.427618,Facebook,Captación,Video,48365,35391,2272,953,275,27,12986.39,23788.52,1.970433164478445,6.419711226017914,9.818181818181818,47.22323636363636,1.831803911633641,83.18039116336412
2025-04-27 16:59:14.369579,TikTok,Interacción,Video,14675,9085,485,277,21,1,7553.17,3544.41,1.8875638841567293,5.338470005503577,4.761904761904762,359.6747619047619,0.46926125057426216,-53.07387494257378
2025-04-28 01:42:47.311541,TikTok,Reconocimiento,Imagen,5586,4646,335,124,35,3,2449.63,7243.55,2.2198353025420694,7.210503659061558,8.571428571428571,69.98942857142858,2.956997587390749,195.69975873907487
2025-04-28 10:26:20.253502,Instagram,Reconocimiento,Imagen,26006,15994,1256,2008,468,115,4696.37,416889.34,7.721295085749443,7.852944854320371,24.57264957264957,10.034978632478632,88.76841901298238,8776.841901298238
2025-04-28 19:09:53.195463,Web,Conversión,Imagen,42198,24463,510,2469,516,149,10105.23,487603.28,5.85098819849282,2.0847810979847115,28.875968992248062,19.58377906976744,48.25256624539966,4725.256624539967
2025-04-29 03:53:26.137424,TikTok,Interacción,Reel,23831,16745,1609,1575,332,115,9390.27,199949.9,6.609038647140279,9.608838459241564,34.63855421686747,28.28394578313253,21.29330679522527,2029.330679522527
2025-04-29 12:36:59.079386,TikTok,Conversión,Video,36113,28182,2573,1366,350,53,8199.55,230988.83,3.78257137318971,9.129941097154212,15.142857142857144,23.427285714285713,28.170915477068863,2717.0915477068866
2025-04-29 21:20:32.021347,TikTok,Captación,Artículo,17459,12277,695,585,44,10,10402.98,28661.5,3.3507073715562177,5.660992099046998,22.727272727272727,236.4313636363636,2.7551240125425602,175.512401254256
2025-04-30 06:04:04.963308,Facebook,Reconocimiento,Imagen,33443,21633,547,883,155,51,9742.17,216987.22,2.6403133690159377,2.528544353533953,32.903225806451616,62.852709677419355,22.27298640857222,2127.2986408572215
2025-04-30 14:47:37.905270,Instagram,Captación,Reel,43316,32286,3083,1890,423,42,13279.21,105220.61,4.3632837750484805,9.549030539552747,9.929078014184398,31.392931442080375,7.923710070102063,692.3710070102062
2025-04-30 23:31:10.847231,Facebook,Interacción,Artículo,31595,21214,2450,1536,302,80,8997.24,394854.35,4.861528722899193,11.548977090600546,26.490066225165563,29.792185430463576,43.886163979175834,4288.6163979175835
2025-05-01 08:14:43.789192,TikTok,Conversión,Imagen,6877,6027,265,372,96,26,11789.72,104937.44,5.409335466046241,4.396880703500913,27.083333333333332,122.80958333333332,8.90075760917138,790.075760917138
2025-05-01 16:58:16.731154,Instagram,Conversión,Reel,40553,35399,1853,1135,77,5,4106.25,24284.95,2.7988065001356253,5.2346111472075485,6.493506493506493,53.327922077922075,5.914143074581431,491.41430745814307
2025-05-02 01:41:49.673115,Instagram,Conversión,Imagen,49601,36001,1381,3789,843,259,10333.65,766684.34,7.638958891957823,3.8360045554290156,30.723606168446025,12.258185053380782,74.19298505368384,7319.298505368384
2025-05-02 10:25:22.615076,Instagram,Captación,Imagen,5922,3936,305,129,23,6,13581.81,16737.02,2.178318135764944,7.7489837398373975,26.08695652173913,590.5134782608695,1.232311451860982,23.23114518609818
2025-05-02 19:08:55.557038,Instagram,Reconocimiento,Imagen,5686,4594,163,441,63,3,6093.12,11918.72,7.755891663735491,3.5481062255115368,4.761904761904762,96.71619047619048,1.9560947429231657,95.60947429231658
2025-05-03 03:52:28.498999,Web,Captación,Video,33766,19005,1057,372,50,3,11797.01,13491.67,1.1016999348457028,5.5616942909760585,6.0,235.9402,1.1436516541055741,14.36516541055742
2025-05-03 12:36:01.440960,TikTok,Captación,Reel,15407,11034,989,672,137,8,11009.44,38795.3,4.361653793730123,8.963204640203008,5.839416058394161,80.36087591240876,3.5238213751108143,252.3821375110814
2025-05-03 21:19:34.382921,Facebook,Interacción,Artículo,33006,22038,1675,1100,300,45,1363.13,97340.31,3.332727382900079,7.600508213086488,15.0,4.543766666666667,71.40941069450456,7040.941069450454
2025-05-04 06:03:07.324883,Instagram,Interacción,Video,32422,28278,1658,1343,233,47,8931.87,195264.28,4.142249090123991,5.86321522031261,20.171673819742487,38.33420600858369,21.861522839002358,2086.152283900236
2025-05-04 14:46:40.266844,Facebook,Interacción,Reel,13205,7318,453,659,168,35,2387.75,58964.9,4.990533888678531,6.190215905985242,20.833333333333336,14.212797619047619,24.694754475971102,2369.4754475971104
2025-05-04 23:30:13.208805,Facebook,Reconocimiento,Reel,22054,16396,1249,892,134,17,14526.13,52554.01,4.04461775641607,7.617711636984631,12.686567164179104,108.40395522388059,3.617894786842745,261.7894786842745
2025-05-05 08:13:46.150767,Instagram,Reconocimiento,Reel,24527,19848,408,957,72,23,12265.41,35773.33,3.901822481347087,2.0556227327690446,31.944444444444443,170.35291666666666,2.9166028693700414,191.66028693700417
2025-05-05 16:57:19.092728,Facebook,Interacción,Imagen,46947,33790,941,2877,188,30,2091.0,67772.07,6.128187104607323,2.7848475880438,15.957446808510639,11.122340425531915,32.41131994261119,3141.1319942611194
2025-05-06 01:40:52.034689,Facebook,Interacción,Artículo,19443,11274,1219,1127,70,4,2265.4,18846.82,5.796430591986834,10.812488912542133,5.714285714285714,32.362857142857145,8.319422618522115,731.9422618522113
2025-05-06 10:24:24.976651,TikTok,Reconocimiento,Video,17524,15602,433,1197,173,24,9119.87,33925.94,6.830632275736133,2.7752852198436098,13.872832369942195,52.716011560693644,3.720002587756185,272.0002587756185
2025-05-06 19:07:57.918612,TikTok,Conversión,Video,29202,21355,1936,802,107,22,5500.89,76033.84,2.746387233751113,9.0657925544369,20.5607476635514,51.410186915887856,13.822097878706899,1282.20978787069
2025-05-07 03:51:30.860573,Instagram,Reconocimiento,Video,1016,777,87,53,12,2,1006.13,6580.82,5.216535433070866,11.196911196911197,16.666666666666664,83.84416666666667,6.5407253535825385,554.0725353582538
2025-05-07 12:35:03.802535,Facebook,Reconocimiento,Artículo,47142,29832,1404,2402,566,74,8353.8,96725.48,5.095244155954351,4.706355591311343,13.074204946996467,14.759363957597172,11.578620508032273,1057.8620508032272
2025-05-07 21:18:36.744496,TikTok,Reconocimiento,Imagen,17848,12836,732,640,40,3,6123.75,6507.34,3.585835948005379,5.702711124961047,7.5,153.09375,1.062639722392325,6.263972239232499
2025-05-08 06:02:09.686457,Facebook,Interacción,Reel,21855,15302,1176,962,101,29,1965.61,91771.15,4.401738732555479,7.685269899359561,28.71287128712871,19.46148514851485,46.6883817237397,4568.83817237397
2025-05-08 14:45:42.628418,Web,Conversión,Imagen,19211,11069,1197,614,72,25,12127.85,39653.75,3.196085575972099,10.813985003161983,34.72222222222222,168.44236111111113,3.2696438362941493,226.96438362941493
2025-05-08 23:29:15.570380,TikTok,Reconocimiento,Artículo,26095,15321,1749,520,97,14,13768.61,58276.67,1.9927189116689021,11.415703935774427,14.432989690721648,141.94443298969074,4.23257467529402,323.257467529402
2025-05-09 08:12:48.512341,Instagram,Interacción,Imagen,39724,33491,3146,991,85,13,11470.61,63479.75,2.494713523310845,9.393568421366934,15.294117647058824,134.94835294117647,5.53412155064116,453.412155064116
2025-05-09 16:56:21.454302,Instagram,Captación,Artículo,38583,24459,701,670,55,12,12425.12,20423.87,1.7365160822123735,2.8660206876814263,21.818181818181817,225.91127272727275,1.643756358087487,64.37563580874871
2025-05-10 01:39:54.396264,TikTok,Captación,Reel,3843,2375,206,222,63,16,3639.11,25360.48,5.776736924277908,8.673684210526316,25.396825396825395,57.7636507936508,6.968868761867599,596.8868761867599
2025-05-10 10:23:27.338225,Instagram,Reconocimiento,Imagen,30301,22020,1343,1704,427,71,4321.81,192461.64,5.623576779644236,6.0990009082652135,16.627634660421545,10.121334894613584,44.53264720105696,4353.264720105697
2025-05-10 19:07:00.280186,TikTok,Captación,Reel,27460,22491,1508,2101,199,63,3523.65,248258.69,7.651128914785142,6.704904183895781,31.65829145728643,17.706783919597992,70.45497992138833,6945.497992138833
2025-05-11 03:50:33.222148,Web,Conversión,Imagen,32918,18818,468,2010,304,66,11593.42,130859.69,6.106081778965915,2.48698055053672,21.710526315789476,38.13625,11.287410444890291,1028.741044489029
2025-05-11 12:34:06.164109,TikTok,Captación,Imagen,29747,22366,874,405,56,10,14244.8,8834.96,1.3614818301005143,3.907717070553519,17.857142857142858,254.37142857142857,0.6202235201617432,-37.977647983825676
2025-05-11 21:17:39.106070,Facebook,Captación,Imagen,16972,10042,994,1220,302,73,10894.14,224338.24,7.188310157907141,9.89842660824537,24.17218543046358,36.073311258278146,20.5925607712036,1959.25607712036
2025-05-12 06:01:12.048032,TikTok,Conversión,Imagen,29310,16494,1078,2063,366,122,13281.27,587762.13,7.038553394745821,6.535709955135201,33.33333333333333,36.287622950819674,44.25496432193608,4325.496432193608
2025-05-12 14:44:44.989993,Facebook,Reconocimiento,Video,23927,13601,682,981,80,23,9761.14,56197.34,4.09997074434739,5.014337181089626,28.749999999999996,122.01424999999999,5.757251714451386,475.72517144513864
2025-05-12 23:28:17.931954,Facebook,Reconocimiento,Reel,2094,1763,102,106,24,1,6121.07,2564.57,5.062082139446036,5.785592739648326,4.166666666666666,255.04458333333332,0.4189741336073595,-58.10258663926404
2025-05-13 08:11:50.873915,Web,Conversión,Artículo,39892,23587,2487,3124,466,69,6673.54,335987.72,7.831144089040409,10.543943697799635,14.806866952789699,14.320901287553648,50.34625101520332,4934.6251015203325
2025-05-13 16:55:23.815877,Facebook,Conversión,Artículo,35172,19900,1888,1662,192,36,1592.16,133824.67,4.725349709996588,9.487437185929648,18.75,8.2925,84.05227489699529,8305.227489699528
2025-05-14 01:38:56.757838,Web,Conversión,Video,24324,17106,807,1784,256,36,956.13,137538.79,7.334320013155731,4.717642932304455,14.0625,3.7348828125,143.84946607678873,14284.946607678872
2025-05-14 10:22:29.699799,Web,Captación,Video,21674,18323,581,342,59,15,10584.4,47450.23,1.577927470702224,3.170878131310375,25.423728813559322,179.3966101694915,4.483034465817619,348.3034465817619
2025-05-14 19:06:02.641761,Instagram,Conversión,Video,4982,3197,144,116,15,4,6857.22,19573.43,2.328382175832999,4.504222708789491,26.666666666666668,457.148,2.854426429369336,185.4426429369336
2025-05-15 03:49:35.583722,Instagram,Interacción,Imagen,46283,32286,3618,1890,208,56,8507.12,206821.4,4.083572802108765,11.206095521278572,26.923076923076923,40.89961538461539,24.31156490093004,2331.156490093004
2025-05-15 12:33:08.525683,Instagram,Captación,Imagen,16790,9469,740,855,127,44,8586.09,200602.05,5.092316855270995,7.8149751821734075,34.645669291338585,67.60700787401575,23.363609046725575,2236.3609046725574
2025-05-15 21:16:41.467645,Instagram,Reconocimiento,Video,13205,9338,684,886,48,6,4521.95,22424.35,6.709579704657327,7.324908974084386,12.5,94.20729166666666,4.958999988942823,395.8999988942823
2025-05-16 06:00:14.409606,Instagram,Reconocimiento,Reel,25338,19058,1517,2006,487,152,7400.44,590897.94,7.916962664772279,7.959911848042816,31.211498973305957,15.195975359342915,79.84632535362762,7884.632535362762
2025-05-16 14:43:47.351567,TikTok,Reconocimiento,Imagen,13748,10308,583,511,47,13,7326.02,26256.44,3.716904276985743,5.655801319363602,27.659574468085108,155.87276595744683,3.5839978596837025,258.3997859683703
2025-05-16 23:27:20.293529,Instagram,Captación,Imagen,22097,14724,1482,294,17,2,6132.19,4149.22,1.3304973525817985,10.065199674001631,11.76470588235294,360.7170588235294,0.6766293934140984,-32.33706065859015
2025-05-17 08:10:53.235490,Facebook,Interacción,Reel,4092,2702,195,270,57,15,12399.79,61328.03,6.598240469208211,7.216876387860843,26.31578947368421,217.54017543859652,4.945892632052639,394.58926320526393
2025-05-17 16:54:26.177451,TikTok,Conversión,Reel,23692,13914,440,1239,301,24,7041.88,49107.99,5.229613371602229,3.162282593071726,7.973421926910299,23.394950166112956,6.973704465284838,597.3704465284839
2025-05-18 01:37:59.119412,Instagram,Conversión,Reel,24862,16865,554,594,150,43,9252.85,136036.27,2.389188319523771,3.2849095760450635,28.666666666666668,61.68566666666667,14.702093949431795,1370.2093949431794
2025-05-18 10:21:32.061374,TikTok,Reconocimiento,Reel,25860,15123,1114,1154,200,41,13485.04,75738.47,4.4624903325599385,7.3662633075447985,20.5,67.4252,5.616480929978702,461.6480929978702
2025-05-18 19:05:05.003335,Instagram,Reconocimiento,Reel,14971,12250,1392,927,93,12,13060.39,50775.96,6.191971144212143,11.363265306122448,12.903225806451612,140.43430107526882,3.887782830374897,288.7782830374897
2025-05-19 03:48:37.945296,Instagram,Captación,Imagen,15616,13870,705,998,233,57,13411.12,72054.02,6.390881147540983,5.082912761355443,24.463519313304722,57.55845493562232,5.37270712662328,437.270712662328
2025-05-19 12:32:10.887258,TikTok,Interacción,Artículo,5933,5277,564,266,59,14,4415.07,59971.46,4.483397943704703,10.6878908470722,23.728813559322035,74.83169491525423,13.583354284303534,1258.3354284303534
2025-05-19 21:15:43.829219,TikTok,Conversión,Imagen,5926,5053,487,185,20,2,1007.25,6662.93,3.121835977050287,9.637838907579656,10.0,50.3625,6.614971456937205,561.4971456937205
2025-05-20 05:59:16.771180,Web,Captación,Imagen,26763,20347,911,2091,576,34,4285.47,53890.68,7.81302544557785,4.477318523615275,5.902777777777778,7.440052083333334,12.575208786900852,1157.5208786900853
2025-05-20 14:42:49.713142,TikTok,Conversión,Video,4969,3951,93,280,21,3,4541.26,9229.65,5.634936606963172,2.3538344722854974,14.285714285714285,216.2504761904762,2.032398497333339,103.23984973333391
2025-05-20 23:26:22.655103,TikTok,Reconocimiento,Reel,36733,23869,720,1417,418,92,13685.72,182757.55,3.857566765578635,3.016464870752859,22.00956937799043,32.74095693779904,13.353886386686268,1235.3886386686268
2025-05-21 08:09:55.597064,Instagram,Conversión,Video,5319,4099,380,157,41,12,9914.02,25902.75,2.951682647114119,9.270553793608197,29.268292682926827,241.80536585365854,2.6127393327832706,161.27393327832704
2025-05-21 16:53:28.539026,Instagram,Interacción,Video,42743,30325,1211,2614,580,190,1684.71,432519.38,6.115621271319281,3.993404781533388,32.758620689655174,2.9046724137931035,256.7322447186756,25573.22447186756
2025-05-22 01:37:01.480987,TikTok,Interacción,Imagen,40876,29377,1678,1101,313,65,2462.99,69286.15,2.6935120853312458,5.711951526704564,20.766773162939298,7.868977635782747,28.13090999151438,2713.0909991514377
2025-05-22 10:20:34.422948,TikTok,Reconocimiento,Artículo,42909,34980,2454,944,217,59,2757.3,291521.31,2.2000046610268242,7.015437392795882,27.188940092165897,12.706451612903226,105.72709172016101,10472.709172016102
2025-05-22 19:04:07.364909,Web,Interacción,Video,21323,13831,1280,1004,98,17,9641.12,15851.57,4.708530694555175,9.25457306051623,17.346938775510203,98.3787755102041,1.6441627113862287,64.41627113862289
2025-05-23 03:47:40.306871,Facebook,Interacción,Reel,17428,11525,360,528,84,23,11163.5,82397.2,3.029607528115676,3.123644251626898,27.380952380952383,132.89880952380952,7.380946835669817,638.0946835669816
2025-05-23 12:31:13.248832,Facebook,Captación,Imagen,35578,31081,1884,1922,130,14,12964.84,33028.19,5.402214851874755,6.061581030211383,10.76923076923077,99.72953846153847,2.5475200619521723,154.75200619521723
2025-05-23 21:14:46.190793,TikTok,Conversión,Video,21950,12504,856,400,58,9,14139.23,31619.19,1.8223234624145785,6.8458093410108765,15.517241379310345,243.7798275862069,2.2362738282070524,123.62738282070522
2025-05-24 05:58:19.132755,Facebook,Reconocimiento,Reel,44041,31708,2349,2459,578,138,3424.72,316881.49,5.583433618673509,7.40822505361423,23.875432525951556,5.925121107266436,92.52770737461749,9152.77073746175
2025-05-24 14:41:52.074716,Web,Reconocimiento,Imagen,42789,37204,3788,1276,187,10,4991.7,36297.53,2.9820748323167168,10.181700892377163,5.347593582887701,26.693582887700533,7.2715768175170785,627.1576817517079
2025-05-24 23:25:25.016677,Web,Reconocimiento,Imagen,19293,14732,547,193,25,6,3984.68,23176.73,1.0003628258954025,3.713005701873473,24.0,159.3872,5.816459540038347,481.6459540038347
2025-05-25 08:08:57.958639,Facebook,Reconocimiento,Video,7364,5458,550,139,27,8,5702.04,29602.57,1.8875611080934274,10.07695126419934,29.629629629629626,211.18666666666667,5.1915752958590256,419.1575295859026
2025-05-25 16:52:30.900600,TikTok,Reconocimiento,Reel,36349,23169,2068,2739,734,124,13762.64,158551.4,7.535282951387934,8.925719711683715,16.893732970027248,18.750190735694822,11.520420500717886,1052.0420500717887
2025-05-26 01:36:03.842561,TikTok,Interacción,Imagen,1691,1133,85,119,7,1,8839.13,3558.95,7.03725606150207,7.502206531332744,14.285714285714285,1262.732857142857,0.4026357797656557,-59.73642202343443
2025-05-26 10:19:36.784523,Instagram,Captación,Reel,31062,26347,2369,818,119,36,11203.78,71134.12,2.6334427918356837,8.991536038258625,30.252100840336134,94.14941176470589,6.349117886998852,534.9117886998852
2025-05-26 19:03:09.726484,Web,Reconocimiento,Video,1931,1439,88,124,11,3,7606.73,2762.9,6.421543241843604,6.115357887421821,27.27272727272727,691.5209090909091,0.36321783473319025,-63.678216526680984
2025-05-27 03:46:42.668445,Facebook,Captación,Imagen,46896,34241,1158,2466,551,75,918.44,190671.66,5.258444216990788,3.381910575041617,13.611615245009073,1.6668602540834847,207.60382823047775,20660.382823047774
2025-05-27 12:30:15.610406,TikTok,Captación,Video,32730,19142,1657,2551,194,28,1430.83,73384.67,7.7940727161625425,8.656357747361822,14.432989690721648,7.37541237113402,51.288182383651446,5028.818238365145
2025-05-27 21:13:48.552368,Facebook,Interacción,Imagen,15226,8459,613,550,118,29,8299.88,80101.81,3.6122422172599498,7.24671947038657,24.576271186440678,70.3379661016949,9.65096001387972,865.0960013879718
2025-05-28 05:57:21.494329,Web,Reconocimiento,Video,14861,13186,1106,857,104,22,10922.44,82725.75,5.766772088015611,8.387683907174276,21.153846153846153,105.02346153846155,7.573925789475611,657.3925789475611
2025-05-28 14:40:54.436290,Facebook,Interacción,Artículo,32301,22027,1185,466,46,4,3622.29,8388.58,1.442679793195257,5.379761202160984,8.695652173913043,78.7454347826087,2.3158223113003102,131.582231130031
2025-05-28 23:24:27.378252,Instagram,Reconocimiento,Reel,49243,37480,4148,1858,527,75,10967.69,159313.36,3.7731251142294338,11.067235859124866,14.231499051233396,20.811555977229602,14.525698665808386,1352.5698665808386
2025-05-29 08:08:00.320213,Web,Interacción,Reel,23766,13734,1081,1841,100,31,12254.65,32683.9,7.746360346713793,7.870977137032183,31.0,122.5465,2.6670610747756975,166.70610747756976
2025-05-29 16:51:33.262174,Instagram,Captación,Video,37174,29333,837,1774,282,72,6472.51,265294.74,4.772152579760047,2.853441516380868,25.53191489361702,22.952163120567377,40.98792276875586,3998.7922768755857
2025-05-30 01:35:06.204136,Facebook,Reconocimiento,Reel,42107,36902,2397,1269,70,24,11323.08,76436.87,3.013750682784335,6.495582895236031,34.285714285714285,161.7582857142857,6.750536956375827,575.0536956375827
2025-05-30 10:18:39.146097,Web,Conversión,Artículo,18695,14048,1343,344,58,16,6358.43,36281.37,1.8400641882856377,9.56007972665148,27.586206896551722,109.62810344827587,5.706026487670699,470.6026487670699
2025-05-30 19:02:12.088058,Web,Captación,Artículo,42347,25160,2501,2508,439,146,10336.08,549221.88,5.922497461449453,9.940381558028617,33.25740318906606,23.544601366742597,53.13638052337056,5213.638052337057
2025-05-31 03:45:45.030020,TikTok,Conversión,Reel,4121,3105,215,227,29,3,11577.96,9170.71,5.508371754428537,6.924315619967794,10.344827586206897,399.23999999999995,0.7920834067486846,-20.791659325131544
2025-05-31 12:29:17.971981,TikTok,Captación,Reel,19257,15756,1724,696,57,16,14882.94,44333.26,3.61427013553513,10.941863417110941,28.07017543859649,261.1042105263158,2.9787972000155882,197.87972000155884
2025-05-31 21:12:50.913942,Facebook,Interacción,Imagen,29164,20188,944,2232,321,17,5508.25,50108.57,7.653271156219997,4.676045175351693,5.29595015576324,17.159657320872274,9.097003585530794,809.7003585530795
2025-06-01 05:56:23.855903,Instagram,Reconocimiento,Artículo,26491,22727,1387,306,66,16,6460.09,55562.59,1.1551092823977953,6.102873234478814,24.242424242424242,97.88015151515151,8.600900297054684,760.0900297054685
2025-06-01 14:39:56.797865,Facebook,Captación,Reel,24165,18777,2062,755,185,35,2901.49,125020.38,3.1243534036830125,10.98151994461309,18.91891891891892,15.683729729729729,43.08833737148845,4208.833737148844
2025-06-01 23:23:29.739826,TikTok,Interacción,Reel,49714,42989,4712,3702,676,104,3459.06,209416.78,7.446594520658165,10.960943497173696,15.384615384615385,5.116952662721894,60.54152862338323,5954.152862338323
2025-06-02 08:07:02.681787,TikTok,Reconocimiento,Reel,4748,3647,323,154,30,9,10554.23,12520.1,3.243470935130581,8.856594461200986,30.0,351.80766666666665,1.1862637065896802,18.626370658968025
2025-06-02 16:50:35.623749,TikTok,Reconocimiento,Imagen,34045,20289,2148,941,94,28,13797.16,40820.18,2.763988838302247,10.587017595741536,29.78723404255319,146.77829787234043,2.9585929278199283,195.85929278199282
2025-06-03 01:34:08.565710,TikTok,Captación,Video,27553,18140,523,1305,158,8,6221.77,27883.53,4.73632635284724,2.8831312017640576,5.063291139240507,39.37829113924051,4.481607323960866,348.1607323960866
2025-06-03 10:17:41.507671,Instagram,Reconocimiento,Imagen,45331,28133,2996,3067,277,64,3107.74,285828.34,6.765789415631687,10.649415277432198,23.104693140794225,11.219277978339349,91.97305437391803,9097.305437391804
2025-06-03 19:01:14.449633,Facebook,Captación,Reel,31497,27342,1423,542,60,9,4633.94,22678.96,1.7207988062355146,5.204447370345989,15.0,77.23233333333333,4.89409875829208,389.40987582920803
2025-06-04 03:44:47.391594,Instagram,Reconocimiento,Imagen,32308,26367,997,2455,260,45,7098.25,68039.31,7.598737154884239,3.7812417036447075,17.307692307692307,27.30096153846154,9.585363998168562,858.5363998168563
2025-06-04 12:28:20.333555,Facebook,Conversión,Video,40560,31910,1402,2662,478,143,4714.43,568815.46,6.563116370808679,4.393607019743027,29.916317991631797,9.862824267782427,120.65413210080538,11965.413210080536
2025-06-04 21:11:53.275517,Facebook,Interacción,Reel,47686,31250,1931,1081,206,29,3886.9,124597.22,2.266912720714675,6.1792,14.077669902912621,18.86844660194175,32.05567933314467,3105.5679333144667
2025-06-05 05:55:26.217478,Web,Conversión,Reel,11374,6988,315,680,194,64,11171.78,287900.56,5.978547564621066,4.507727532913567,32.98969072164948,57.586494845360825,25.770339193933285,2477.0339193933282
2025-06-05 14:38:59.159439,Facebook,Captación,Imagen,5675,4623,240,209,20,2,613.75,6697.38,3.6828193832599116,5.191434133679429,10.0,30.6875,10.912228105906314,991.2228105906314
2025-06-05 23:22:32.101400,Instagram,Conversión,Video,2170,1553,52,82,17,4,8318.84,17660.24,3.778801843317972,3.34835801674179,23.52941176470588,489.34352941176473,2.1229209841756784,112.29209841756784
2025-06-06 08:06:05.043362,Instagram,Captación,Reel,42449,26701,1324,2751,699,175,12009.62,151329.99,6.480718038116327,4.958615782180443,25.035765379113016,17.18114449213162,12.600730914050567,1160.0730914050569
2025-06-06 16:49:37.985323,TikTok,Reconocimiento,Reel,44485,34067,2630,3442,654,82,4360.31,102532.01,7.73743958637743,7.720081016819797,12.538226299694188,6.6671406727828755,23.514844128055113,2251.4844128055115
2025-06-07 01:33:10.927284,TikTok,Reconocimiento,Reel,13450,7587,486,253,28,4,9247.73,4755.28,1.8810408921933086,6.405693950177936,14.285714285714285,330.2760714285714,0.5142105143640655,-48.57894856359344
2025-06-07 10:16:43.869246,Instagram,Captación,Imagen,11680,7757,424,460,53,15,10199.05,56894.1,3.9383561643835616,5.466030681964678,28.30188679245283,192.43490566037735,5.57837249547752,457.83724954775204
2025-06-07 19:00:16.811207,Instagram,Conversión,Imagen,11068,7902,747,483,28,7,9997.86,7645.7,4.36393205637875,9.453302961275627,25.0,357.0664285714286,0.7647336530017423,-23.52663469982577
2025-06-08 03:43:49.753168,TikTok,Reconocimiento,Imagen,36230,21802,2384,1316,166,24,6964.82,69233.53,3.632348882141871,10.934776625997616,14.457831325301203,41.9567469879518,9.940462208642865,894.0462208642865
2025-06-08 12:27:22.695130,Instagram,Interacción,Reel,47418,42421,4058,1679,396,83,5525.38,231185.62,3.5408494664473404,9.56601683128639,20.95959595959596,13.952979797979799,41.840673401648395,4084.0673401648387
2025-06-08 21:10:55.637091,TikTok,Reconocimiento,Imagen,27206,16954,901,371,22,1,12620.9,2104.95,1.3636697787252812,5.314380087295033,4.545454545454546,573.6772727272727,0.16678287602310451,-83.32171239768955
2025-06-09 05:54:28.579052,TikTok,Interacción,Reel,1287,766,72,74,7,0,11497.47,0.0,5.749805749805749,9.39947780678851,0.0,1642.4957142857143,0.0,-100.0
2025-06-09 14:38:01.521014,Instagram,Conversión,Video,23337,14497,510,945,214,41,5158.2,62148.6,4.049363671423062,3.517969235014141,19.158878504672895,24.10373831775701,12.048505292543911,1104.8505292543912
2025-06-09 23:21:34.462975,Instagram,Interacción,Video,21666,17748,586,512,125,9,1993.78,20523.09,2.363149635373396,3.301780482307866,7.199999999999999,15.950239999999999,10.293557965271996,929.3557965271997
2025-06-10 08:05:07.404936,Web,Interacción,Reel,2161,1510,82,145,23,6,1541.21,24309.12,6.709856547894494,5.430463576158941,26.08695652173913,67.0091304347826,15.772749982156876,1477.2749982156877
2025-06-10 16:48:40.346897,Facebook,Interacción,Imagen,36131,27022,2723,2391,536,142,1867.0,131743.87,6.617586006476434,10.076974317223003,26.492537313432834,3.4832089552238807,70.56447241564007,6956.447241564007
2025-06-11 01:32:13.288859,Facebook,Interacción,Imagen,25535,14232,635,1124,165,54,8951.61,195825.15,4.401801448991581,4.461776278808319,32.72727272727273,54.252181818181825,21.875969797611823,2087.5969797611824
2025-06-11 10:15:46.230820,TikTok,Reconocimiento,Imagen,33528,18844,496,1035,93,23,1249.1,97264.02,3.0869720830350755,2.632137550413925,24.731182795698924,13.431182795698923,77.86728044191818,7686.728044191818
2025-06-11 18:59:19.172781,Web,Interacción,Reel,39751,28065,930,2173,324,107,5385.44,504561.17,5.466529143920908,3.313735970069481,33.0246913580247,16.621728395061727,93.68986935143647,9268.986935143646
2025-06-12 03:42:52.114743,Web,Reconocimiento,Reel,17527,14649,1550,528,102,22,11421.4,98569.81,3.012495007702402,10.580927025735546,21.568627450980394,111.97450980392156,8.63027387185459,763.0273871854589
2025-06-12 12:26:25.056704,TikTok,Interacción,Video,41975,36091,3009,1113,319,73,4768.05,156323.17,2.651578320428827,8.337258596325954,22.884012539184955,14.946865203761757,32.78555594005935,3178.5555940059357
2025-06-12 21:09:57.998665,Facebook,Captación,Reel,24853,14423,653,1519,102,34,11567.97,110932.8,6.111938196595985,4.527490813284338,33.33333333333333,113.41147058823529,9.589651425444568,858.9651425444569
2025-06-13 05:53:30.940627,Instagram,Conversión,Reel,15758,11636,878,202,35,8,11309.27,8997.06,1.281888564538647,7.5455482983843245,22.857142857142858,323.122,0.7955473695472828,-20.44526304527172
2025-06-13 14:37:03.882588,TikTok,Interacción,Video,1244,1081,78,20,2,0,4064.49,0.0,1.607717041800643,7.215541165587419,0.0,2032.245,0.0,-100.0
2025-06-13 23:20:36.824549,TikTok,Captación,Video,4178,2865,245,43,7,1,11067.92,1195.73,1.0292005744375299,8.55148342059337,14.285714285714285,1581.1314285714286,0.10803565620279149,-89.19643437972086
2025-06-14 08:04:09.766511,Facebook,Interacción,Reel,32831,27589,1195,679,38,12,11342.76,25485.44,2.068167280923517,4.331436442060242,31.57894736842105,298.49368421052634,2.2468464465438744,124.68464465438744
2025-06-14 16:47:42.708472,Web,Interacción,Imagen,3176,1895,201,47,6,1,6263.08,4475.79,1.4798488664987406,10.606860158311346,16.666666666666664,1043.8466666666666,0.7146308206186094,-28.536917938139062
2025-06-15 01:31:15.650433,Instagram,Interacción,Artículo,38770,34016,1732,3090,787,177,3551.1,399683.83,7.970079958730977,5.091721542803387,22.490470139771286,4.512198221092757,112.5521190616992,11155.21190616992
2025-06-15 10:14:48.592394,Facebook,Captación,Artículo,34654,28173,2519,1047,197,49,8058.43,154838.63,3.0212962428579675,8.941184822347639,24.873096446700508,40.90573604060914,19.21449091200147,1821.449091200147
2025-06-15 18:58:21.534356,Instagram,Conversión,Imagen,27627,24297,525,564,91,31,13860.27,81226.19,2.0414811597350417,2.16076058772688,34.065934065934066,152.31065934065936,5.860361306092883,486.03613060928825
2025-06-16 03:41:54.476317,Facebook,Captación,Reel,47489,37365,2139,1276,154,11,9774.44,30001.94,2.6869380277537958,5.724608590927338,7.142857142857142,63.47038961038962,3.0694280183826383,206.94280183826388
2025-06-16 12:25:27.418278,Instagram,Conversión,Imagen,45910,31089,1715,3467,431,107,3007.38,521325.68,7.55173164887824,5.516420598925665,24.825986078886313,6.9776798143851515,173.34878864659603,17234.878864659604
2025-06-16 21:09:00.360240,Instagram,Interacción,Imagen,25881,22732,1690,1201,175,23,10399.98,47008.52,4.64046984274178,7.4344536336442015,13.142857142857142,59.42845714285714,4.520058692420562,352.0058692420562
2025-06-17 05:52:33.302201,Instagram,Reconocimiento,Video,36422,23544,642,1294,335,81,6694.44,278215.78,3.5527977595958484,2.726809378185525,24.17910447761194,19.983402985074626,41.55923124264316,4055.923124264316
2025-06-17 14:36:06.244162,TikTok,Interacción,Reel,12984,8650,856,923,269,62,9077.17,158984.32,7.108749229821319,9.895953757225435,23.04832713754647,33.744126394052046,17.51474523447286,1651.474523447286
2025-06-17 23:19:39.186124,TikTok,Conversión,Imagen,24776,19703,823,932,148,14,11143.93,14795.4,3.7617048756861475,4.177028878850937,9.45945945945946,75.29682432432432,1.327664477433006,32.76644774330061
2025-06-18 08:03:12.128085,TikTok,Captación,Reel,18755,15338,1345,627,93,10,7966.74,28551.89,3.343108504398827,8.769070282957362,10.75268817204301,85.66387096774193,3.583886257113951,258.38862571139515
2025-06-18 16:46:45.070046,Web,Interacción,Reel,8135,7120,714,199,52,12,12302.77,50592.5,2.446220036877689,10.02808988764045,23.076923076923077,236.59173076923076,4.112285282095008,311.2285282095007
2025-06-19 01:30:18.012008,Facebook,Captación,Reel,1320,820,62,48,7,0,10971.26,0.0,3.6363636363636362,7.560975609756097,0.0,1567.3228571428572,0.0,-100.0
2025-06-19 10:13:50.953969,Instagram,Captación,Video,38422,31863,2997,1235,232,30,9418.56,32768.57,3.214304304825361,9.405893983617363,12.931034482758621,40.59724137931034,3.479148617198383,247.91486171983829
2025-06-19 18:57:23.895930,Web,Captación,Reel,29635,23959,2064,1701,183,55,2686.5,79488.88,5.739834654968787,8.614716807880129,30.05464480874317,14.680327868852459,29.588267262237114,2858.8267262237114
2025-06-20 03:40:56.837891,Instagram,Interacción,Reel,22684,12982,721,686,161,23,12621.26,92241.05,3.0241579968259567,5.553843783700509,14.285714285714285,78.39291925465838,7.308386801317776,630.8386801317777
2025-06-20 12:24:29.779853,Web,Captación,Video,24238,16615,1676,1221,223,43,14070.63,165153.57,5.037544351844211,10.087270538669877,19.282511210762333,63.09699551569506,11.737468045140837,1073.7468045140836
2025-06-20 21:08:02.721814,Instagram,Captación,Video,22889,14854,734,334,84,27,2485.99,85673.01,1.459216217397003,4.941429917867241,32.142857142857146,29.595119047619043,34.46233090237692,3346.233090237692
2025-06-21 05:51:35.663775,Web,Interacción,Imagen,31313,20559,1585,732,179,21,7579.5,58097.57,2.33768722255932,7.709518945474001,11.731843575418994,42.34357541899441,7.665092684213998,666.5092684213998
2025-06-21 14:35:08.605737,Instagram,Captación,Reel,33535,29981,2834,1291,133,22,4253.89,99681.31,3.849709258983152,9.452653347119842,16.541353383458645,31.98413533834587,23.432977815599365,2243.297781559937
2025-06-21 23:18:41.547698,Web,Interacción,Reel,49899,38670,2238,3771,863,200,11440.59,804026.17,7.5572656766668675,5.7874321179208685,23.174971031286212,13.256767091541136,70.27838337008843,6927.838337008843
2025-06-22 08:02:14.489659,Facebook,Conversión,Reel,11770,9429,474,428,107,29,10963.63,122094.57,3.6363636363636362,5.027044225262488,27.102803738317753,102.46383177570092,11.136327110637628,1013.6327110637627
2025-06-22 16:45:47.431621,Web,Conversión,Artículo,40321,35958,2370,2277,310,99,2542.83,417354.46,5.647181369509685,6.591022860003337,31.93548387096774,8.202677419354838,164.12991037544785,16312.991037544782
2025-06-23 01:29:20.373582,Instagram,Conversión,Reel,21426,14612,1487,596,55,17,13216.9,59490.0,2.78166713338934,10.176567205036955,30.909090909090907,240.30727272727273,4.501055466864393,350.1055466864393
2025-06-23 10:12:53.315543,TikTok,Captación,Reel,45327,37650,4254,856,43,12,3124.11,32683.94,1.8884991285547246,11.298804780876495,27.906976744186046,72.65372093023257,10.461840332126588,946.1840332126588
2025-06-23 18:56:26.257505,Web,Reconocimiento,Artículo,42777,30033,2237,603,98,11,12060.26,48748.11,1.409636019356196,7.4484733459860815,11.224489795918368,123.06387755102041,4.042044698870505,304.20446988705055
2025-06-24 03:39:59.199466,Facebook,Reconocimiento,Imagen,47250,40367,3477,1482,204,11,7126.22,51581.54,3.1365079365079365,8.613471399905864,5.392156862745098,34.93245098039216,7.238274990106957,623.8274990106956
2025-06-24 12:23:32.141427,TikTok,Captación,Video,8498,5211,574,178,33,5,5259.95,4499.93,2.0946104965874324,11.015160237958167,15.151515151515152,159.39242424242423,0.85550813220658,-14.449186779342
2025-06-24 21:07:05.083388,TikTok,Reconocimiento,Imagen,40404,35623,1063,896,86,7,2794.47,7115.71,2.2176022176022174,2.984027173455352,8.13953488372093,32.49383720930232,2.5463540492472636,154.63540492472634
2025-06-25 05:50:38.025350,Facebook,Interacción,Reel,41130,25770,1113,2601,689,181,2930.41,873636.65,6.323851203501094,4.318975552968568,26.2699564586357,4.253134978229317,298.1277875792125,29712.778757921245
2025-06-25 14:34:10.967311,TikTok,Reconocimiento,Reel,17395,11553,1050,193,22,5,10097.41,9820.37,1.109514228226502,9.088548428979486,22.727272727272727,458.9731818181818,0.97256326127195,-2.743673872804997
2025-06-25 23:17:43.909272,TikTok,Captación,Video,3537,2881,294,173,18,1,8481.24,4468.15,4.89115069267741,10.204790003471018,5.555555555555555,471.18,0.5268274450434134,-47.31725549565866
2025-06-26 08:01:16.851234,Web,Captación,Video,20226,13911,1470,739,125,37,2270.24,90018.76,3.6537130426184117,10.567177054129825,29.599999999999998,18.16192,39.651649164846006,3865.164916484601
2025-06-26 16:44:49.793195,Instagram,Interacción,Imagen,16216,12370,760,737,128,15,2134.12,19503.3,4.544893931919092,6.143896523848019,11.71875,16.6728125,9.138801941783967,813.8801941783968
2025-06-27 01:28:22.735156,Instagram,Conversión,Reel,19613,13838,400,968,100,17,1548.5,19343.64,4.935501962983736,2.8905911258852437,17.0,15.485,12.491856635453665,1149.1856635453664
2025-06-27 10:11:55.677118,Web,Captación,Reel,4009,3246,207,128,15,3,11284.63,4372.0,3.1928161636318286,6.377079482439926,20.0,752.3086666666666,0.3874296277325885,-61.257037226741154
2025-06-27 18:55:28.619079,Web,Interacción,Imagen,25368,15979,688,777,71,12,10822.29,22194.62,3.062913907284768,4.305651167156893,16.901408450704224,152.42661971830987,2.0508247330278526,105.08247330278525
2025-06-28 03:39:01.561040,Facebook,Reconocimiento,Imagen,30327,17300,849,1860,427,77,1347.25,219586.84,6.133148679394599,4.907514450867052,18.0327868852459,3.1551522248243558,162.98893301169048,16198.893301169048
2025-06-28 12:22:34.503002,TikTok,Reconocimiento,Video,15209,9961,968,1079,261,18,8623.92,67433.24,7.094483529489118,9.7178998092561,6.896551724137931,33.04183908045977,7.8193257822428786,681.9325782242879
2025-06-28 21:06:07.444963,Instagram,Interacción,Imagen,49443,35401,975,1160,192,32,1727.8,158171.97,2.346135954533503,2.7541594870201407,16.666666666666664,8.998958333333333,91.54530038198865,9054.530038198867
2025-06-29 05:49:40.386924,Instagram,Interacción,Video,16029,9758,1002,269,61,17,13604.31,45123.58,1.6782082475513134,10.268497642959623,27.86885245901639,223.02147540983606,3.316859142433538,231.68591424335378
2025-06-29 14:33:13.328885,Facebook,Captación,Imagen,3077,2074,130,224,52,16,13653.2,47622.03,7.2798180045498855,6.26808100289296,30.76923076923077,262.5615384615385,3.4879757126534434,248.79757126534437
2025-06-29 23:16:46.270847,Facebook,Reconocimiento,Imagen,14907,10285,818,514,43,7,10624.38,20941.38,3.4480445428322266,7.9533300923675245,16.27906976744186,247.07860465116278,1.971068429404822,97.1068429404822
2025-06-30 08:00:19.212808,TikTok,Interacción,Artículo,37635,21455,621,1828,532,94,13929.74,288168.68,4.857180815730038,2.8944302027499416,17.669172932330827,26.18372180451128,20.6872978246543,1968.7297824654302
2025-06-30 16:43:52.154769,Instagram,Reconocimiento,Video,49920,37647,2022,1755,447,116,12266.07,345043.25,3.515625,5.370945892102957,25.95078299776286,27.440872483221476,28.129894089957094,2712.9894089957093
2025-07-01 01:27:25.096731,Web,Interacción,Video,5873,5047,146,110,11,3,12513.81,2510.56,1.8729780350757705,2.892807608480285,27.27272727272727,1137.6190909090908,0.20062315154217622,-79.93768484578239
2025-07-01 10:10:58.038692,Web,Reconocimiento,Reel,9635,5810,674,493,47,6,8760.76,4843.47,5.116761805915932,11.600688468158348,12.76595744680851,186.3991489361702,0.5528595692611143,-44.71404307388857
2025-07-01 18:54:30.980653,TikTok,Conversión,Reel,34065,25863,2605,1592,129,23,4937.86,27834.57,4.6734184646998385,10.072304063720374,17.829457364341085,38.27798449612403,5.63697026647171,463.697026647171
2025-07-02 03:38:03.922615,Facebook,Captación,Video,46863,36677,2419,1134,95,27,3658.09,33116.52,2.4198194737852887,6.595414019685361,28.421052631578945,38.50621052631579,9.052953863901653,805.2953863901653
2025-07-02 12:21:36.864576,Facebook,Reconocimiento,Artículo,42804,29824,1263,1781,422,98,5244.4,368535.57,4.160826091019531,4.234844420600858,23.22274881516588,12.427488151658768,70.27220845091908,6927.220845091908
2025-07-02 21:05:09.806537,TikTok,Conversión,Video,34783,27665,3135,2288,383,31,9613.18,51480.07,6.577925998332519,11.332007952286283,8.093994778067886,25.09968668407311,5.355155109963612,435.51551099636123
2025-07-03 05:48:42.748498,TikTok,Reconocimiento,Reel,35152,24386,1328,1804,443,105,3003.52,478568.92,5.131998179335458,5.4457475600754535,23.702031602708804,6.7799548532731375,159.33601907095675,15833.601907095672
2025-07-03 14:32:15.690460,Instagram,Reconocimiento,Imagen,42513,30890,1115,713,168,17,4250.28,79902.49,1.6771340531131655,3.6095823891226932,10.119047619047619,25.299285714285713,18.799347337116615,1779.9347337116615
2025-07-03 23:15:48.632421,Web,Conversión,Reel,30092,16628,1268,1455,292,59,7286.88,289026.37,4.835172138774426,7.625691604522491,20.205479452054796,24.955068493150684,39.66393984805568,3866.3939848055684
2025-07-04 07:59:21.574382,TikTok,Reconocimiento,Imagen,18653,14775,1689,1104,244,50,3879.23,237207.07,5.9186189889025895,11.431472081218274,20.491803278688526,15.898483606557377,61.147977820340635,6014.797782034064
2025-07-04 16:42:54.516344,Web,Reconocimiento,Video,33463,26150,533,2191,119,37,9035.33,71851.45,6.547530107880345,2.0382409177820264,31.092436974789916,75.92714285714285,7.9522773379610925,695.2277337961093
2025-07-05 01:26:27.458305,TikTok,Captación,Reel,35028,19736,864,1892,242,45,13886.05,132347.82,5.401393171177344,4.377786785569518,18.59504132231405,57.38037190082645,9.530991174596089,853.0991174596089
2025-07-05 10:10:00.400266,TikTok,Conversión,Video,41469,28152,3204,857,179,23,11347.3,35348.95,2.0666039692300275,11.381074168797953,12.849162011173185,63.39273743016759,3.1151859913812094,211.51859913812095
2025-07-05 18:53:33.342228,Facebook,Conversión,Video,21947,19591,726,1310,68,8,10163.19,33488.64,5.96892513783205,3.7057832678270635,11.76470588235294,149.45867647058824,3.2950914033881094,229.50914033881088
2025-07-06 03:37:06.284189,Web,Interacción,Artículo,30978,21599,676,1778,103,32,8949.46,145005.22,5.739557105042288,3.1297745265984536,31.06796116504854,86.88796116504854,16.202678150413547,1520.2678150413547
2025-07-06 12:20:39.226150,Web,Reconocimiento,Video,23056,16731,1288,269,70,7,7575.24,30627.89,1.1667244968771686,7.698284621361544,10.0,108.21771428571428,4.043157708534647,304.31577085346476
2025-07-06 21:04:12.168112,Instagram,Captación,Reel,30007,26060,2767,1164,257,45,3205.18,117906.35,3.879094877861832,10.617805065234075,17.509727626459142,12.471517509727626,36.786186735222365,3578.6186735222363
2025-07-07 05:47:45.110073,Instagram,Reconocimiento,Reel,44169,35381,2395,1471,171,18,13473.3,71755.75,3.330390092598882,6.769169893445634,10.526315789473683,78.79122807017544,5.325773938084954,432.57739380849534
2025-07-07 14:31:18.052034,Facebook,Reconocimiento,Reel,49287,37148,4437,2802,622,175,4103.77,211720.69,5.685069085154301,11.944115430171207,28.135048231511256,6.597700964630226,51.591753436474264,5059.175343647426
2025-07-07 23:14:50.993995,TikTok,Interacción,Artículo,45632,37839,3326,1146,284,54,1823.98,52327.51,2.511395511921459,8.789872882475752,19.014084507042252,6.422464788732395,28.688642419324776,2768.8642419324774
2025-07-08 07:58:23.935957,Web,Reconocimiento,Video,49449,42156,1155,2539,321,49,11375.22,194216.05,5.134583105826205,2.739823512667236,15.264797507788161,35.43682242990654,17.073608246697646,1607.3608246697645
2025-07-08 16:41:56.877918,Instagram,Captación,Imagen,6543,4644,553,483,28,4,3046.43,10345.97,7.3819348922512615,11.907838070628769,14.285714285714285,108.80107142857142,3.3960964144917165,239.60964144917165
2025-07-09 01:25:29.819879,TikTok,Captación,Artículo,22067,15806,960,1453,411,125,5892.49,622663.36,6.584492681379435,6.073642920409971,30.413625304136254,14.336958637469586,105.67066893622221,10467.066893622221
2025-07-09 10:09:02.761841,Facebook,Interacción,Reel,46256,31690,1544,3446,469,101,910.13,122055.24,7.4498443445174685,4.872199431997475,21.535181236673772,1.9405756929637528,134.10747915133004,13310.747915133004
2025-07-09 18:52:35.703802,Web,Reconocimiento,Artículo,26097,23183,1756,2048,156,41,2487.49,180139.09,7.847645323217228,7.5745158089979725,26.282051282051285,15.945448717948716,72.41801575081709,7141.801575081709
2025-07-10 03:36:08.645763,TikTok,Captación,Video,43847,34814,1755,471,81,25,3011.45,70398.22,1.0741897963372637,5.041075429424944,30.864197530864196,37.178395061728395,23.376851682744196,2237.6851682744195
2025-07-10 12:19:41.587725,TikTok,Reconocimiento,Reel,44512,25778,738,2385,577,184,1288.95,786421.67,5.358105679367362,2.862906354255567,31.88908145580589,2.233882149046794,610.12581558633,60912.581558633
2025-07-10 21:03:14.529686,Facebook,Reconocimiento,Reel,4809,4097,82,187,19,2,10021.53,8463.87,3.8885423164899144,2.0014644862094215,10.526315789473683,527.448947368421,0.8445686437100922,-15.54313562899078
2025-07-11 05:46:47.471647,Facebook,Reconocimiento,Imagen,23191,16655,1081,1627,190,63,12636.61,292771.48,7.015652623862706,6.490543380366256,33.1578947368421,66.50847368421053,23.168514340475806,2216.8514340475804
2025-07-11 14:30:20.413609,Instagram,Interacción,Artículo,22267,12782,1325,615,68,3,5913.07,6152.91,2.761934701576324,10.366139884212174,4.411764705882353,86.95691176470588,1.040560994542598,4.056099454259803
2025-07-11 23:13:53.355570,Instagram,Reconocimiento,Reel,8206,6092,470,645,192,31,13181.36,148463.88,7.860102364123812,7.715036112934996,16.145833333333336,68.65291666666667,11.263168595653255,1026.3168595653258
2025-07-12 07:57:26.297531,Web,Captación,Imagen,22057,15351,1840,1168,116,36,3593.53,51732.04,5.295371084009611,11.986189824767116,31.03448275862069,30.978706896551724,14.395883713229052,1339.5883713229055
2025-07-12 16:40:59.239492,TikTok,Reconocimiento,Video,29992,25709,1251,1965,380,50,5218.16,57213.44,6.551747132568685,4.866000233381306,13.157894736842104,13.732,10.96429392736137,996.429392736137
2025-07-13 01:24:32.181454,Web,Captación,Reel,47514,29525,1418,759,213,28,2685.69,73157.98,1.5974239171612576,4.802709568162574,13.145539906103288,12.60887323943662,27.23991972267834,2623.991972267834
2025-07-13 10:08:05.123415,Web,Reconocimiento,Reel,16995,14263,513,388,33,4,9498.11,17115.83,2.283024418946749,3.5967187828647553,12.121212121212121,287.82151515151514,1.8020248238860153,80.20248238860152
2025-07-13 18:51:38.065376,TikTok,Captación,Artículo,49803,37112,1351,3141,919,214,6588.11,596710.91,6.306848985000904,3.6403319680965724,23.286180631120786,7.1687812840043525,90.57391421819005,8957.391421819006
2025-07-14 03:35:11.007338,TikTok,Captación,Imagen,45439,25859,1254,524,150,27,9392.61,115641.11,1.153194392482229,4.849375459221161,18.0,62.6174,12.311925013388183,1131.1925013388184
2025-07-14 12:18:43.949299,Web,Reconocimiento,Reel,14210,12648,1255,954,258,69,11544.29,266663.24,6.713581984517945,9.922517394054395,26.744186046511626,44.745310077519385,23.099145984724913,2209.9145984724914
2025-07-14 21:02:16.891260,TikTok,Reconocimiento,Video,18793,13707,1515,206,21,6,8412.69,10077.6,1.0961528228595754,11.052746771722477,28.57142857142857,400.60428571428577,1.1979045941310091,19.79045941310092
2025-07-15 05:45:49.833222,Instagram,Captación,Video,27270,17774,2088,1527,318,80,9600.64,382824.23,5.5995599559956,11.747496342972882,25.157232704402517,30.190691823899368,39.87486563395774,3887.4865633957734
2025-07-15 14:29:22.775183,Facebook,Conversión,Video,6197,4426,191,220,52,5,14061.13,5276.4,3.550104889462643,4.315408947130591,9.615384615384617,270.40634615384613,0.37524722408511973,-62.47527759148802
2025-07-15 23:12:55.717144,Instagram,Interacción,Reel,49321,41935,4534,2604,772,254,4836.43,1161484.79,5.279698302954117,10.811970907356622,32.90155440414508,6.264805699481865,240.15333417417392,23915.33341741739
2025-07-16 07:56:28.659106,Web,Conversión,Artículo,8452,5550,293,496,47,6,5707.88,12471.97,5.8684335068622815,5.2792792792792795,12.76595744680851,121.44425531914894,2.185044184530859,118.5044184530859
2025-07-16 16:40:01.601067,TikTok,Conversión,Reel,42486,26232,820,1443,348,33,10906.7,95720.52,3.3964129360259854,3.125953034461726,9.482758620689655,31.34109195402299,8.776304473397087,777.6304473397087
2025-07-17 01:23:34.543028,Instagram,Reconocimiento,Reel,15859,9438,1009,278,37,2,9363.93,5147.76,1.7529478529541584,10.690824327187963,5.405405405405405,253.0791891891892,0.5497435371686888,-45.025646283131124
2025-07-17 10:07:07.484989,TikTok,Interacción,Video,28236,18473,1544,420,39,8,3088.73,12173.64,1.4874628134296641,8.358144318735452,20.51282051282051,79.19820512820513,3.9413092112292105,294.13092112292105
2025-07-17 18:50:40.426951,TikTok,Conversión,Artículo,32899,27076,987,1685,261,21,5954.14,48388.55,5.1217362229855015,3.6452947259565667,8.045977011494253,22.8127969348659,8.12687474597507,712.6874745975069
2025-07-18 03:34:13.368912,Facebook,Reconocimiento,Imagen,33083,23656,1489,1536,381,34,7283.65,54751.04,4.642867938216002,6.294386202231991,8.923884514435695,19.117191601049868,7.516978438008417,651.6978438008416
2025-07-18 12:17:46.310873,Instagram,Conversión,Video,3172,1997,97,196,32,4,6581.15,6625.29,6.17906683480454,4.85728592889334,12.5,205.6609375,1.0067070344848545,0.670703448485452
2025-07-18 21:01:19.252835,TikTok,Conversión,Imagen,46926,28538,2673,2143,395,53,3084.98,84038.85,4.566764693346972,9.366458756745393,13.41772151898734,7.810075949367088,27.241294919253935,2624.1294919253937
2025-07-19 05:44:52.194796,Facebook,Reconocimiento,Reel,17663,11771,769,698,208,48,13904.24,136985.9,3.9517635735718732,6.533004842409311,23.076923076923077,66.8473076923077,9.852095475912384,885.2095475912383
2025-07-19 14:28:25.136757,TikTok,Reconocimiento,Video,28540,25085,2983,1080,161,47,11553.62,195111.65,3.78416257883672,11.891568666533784,29.19254658385093,71.7616149068323,16.88749067391865,1588.7490673918649
2025-07-19 23:11:58.078719,Facebook,Reconocimiento,Reel,20053,13436,342,237,48,13,7479.66,41465.76,1.1818680496683787,2.5454004167907116,27.083333333333332,155.82625,5.543802793175091,454.3802793175091
2025-07-20 07:55:31.020680,Web,Interacción,Reel,12085,10826,600,404,57,7,10360.88,31860.27,3.3429871741828716,5.542213190467393,12.280701754385964,181.76982456140348,3.075054435530573,207.50544355305726
2025-07-20 16:39:03.962641,TikTok,Conversión,Video,31564,22720,1549,2472,366,45,13510.6,156306.91,7.831707007983779,6.817781690140845,12.295081967213115,36.91420765027323,11.569205660740456,1056.9205660740454
2025-07-21 01:22:36.904603,TikTok,Reconocimiento,Artículo,25209,15445,1085,1793,401,136,2474.53,502551.07,7.112539172517751,7.024927160893493,33.915211970074814,6.170897755610973,203.0895038653805,20208.950386538047
2025-07-21 10:06:09.846564,Web,Captación,Imagen,4981,4293,221,164,46,2,4130.41,7207.9,3.292511543866693,5.147915210808293,4.3478260869565215,89.79152173913043,1.7450809968017702,74.50809968017703
2025-07-21 18:49:42.788525,Facebook,Conversión,Imagen,22153,15753,1463,1133,210,65,8369.17,174702.36,5.114431453979145,9.287119913667238,30.952380952380953,39.85319047619048,20.87451443811035,1987.4514438110346
2025-07-22 03:33:15.730486,Instagram,Captación,Reel,6247,4987,535,432,104,11,12085.65,40647.45,6.915319353289578,10.72789252055344,10.576923076923077,116.20817307692307,3.36328207419543,236.32820741954296
2025-07-22 12:16:48.672448,Instagram,Interacción,Reel,11553,10331,1176,472,34,11,1025.7,12020.5,4.085518912836493,11.383215564804956,32.35294117647059,30.16764705882353,11.71931363946573,1071.931363946573
2025-07-22 21:00:21.614409,TikTok,Reconocimiento,Imagen,21811,12379,1244,245,25,3,14768.26,13234.13,1.123286415111641,10.049277001373294,12.0,590.7304,0.8961197866234749,-10.388021337652512
2025-07-23 05:43:54.556370,TikTok,Captación,Reel,30845,18008,1891,469,82,14,7096.15,56935.35,1.5205057545793483,10.500888494002664,17.073170731707318,86.53841463414633,8.023414104831494,702.3414104831493
2025-07-23 14:27:27.498332,TikTok,Interacción,Video,7135,5723,429,326,17,4,5708.85,7319.86,4.5690259285213735,7.496068495544295,23.52941176470588,335.81470588235294,1.2821951881727491,28.21951881727492
2025-07-23 23:11:00.440293,Instagram,Reconocimiento,Reel,6573,4263,437,511,57,12,4744.5,48308.84,7.77422790202343,10.25099695050434,21.052631578947366,83.23684210526316,10.1820718726947,918.20718726947
2025-07-24 07:54:33.382254,Instagram,Captación,Imagen,14731,9052,455,862,154,22,3028.17,18768.18,5.851605457877945,5.02651347768449,14.285714285714285,19.66344155844156,6.197862075114673,519.7862075114673
2025-07-24 16:38:06.324216,Instagram,Captación,Reel,8189,4616,276,122,6,1,11977.82,1712.44,1.4898033947978995,5.979202772963605,16.666666666666664,1996.3033333333333,0.14296758508643476,-85.70324149135652
2025-07-25 01:21:39.266177,Facebook,Interacción,Video,15541,8666,447,361,41,11,14353.51,11809.34,2.322887845055016,5.158089083775675,26.82926829268293,350.08560975609754,0.8227492787478463,-17.725072125215366
2025-07-25 10:05:12.208138,TikTok,Reconocimiento,Imagen,44646,36657,2446,2857,509,31,6497.85,126385.54,6.399229494243605,6.672668248901983,6.090373280943026,12.765913555992142,19.45036281231484,1845.036281231484
2025-07-25 18:48:45.150100,Facebook,Reconocimiento,Video,12087,7216,350,832,160,8,14310.1,31797.37,6.883428476875983,4.850332594235033,5.0,89.438125,2.222022906897925,122.20229068979249
2025-07-26 03:32:18.092061,Facebook,Captación,Reel,47435,33854,3932,2525,710,133,12445.07,560897.08,5.32307367977232,11.614580256395108,18.732394366197184,17.528267605633804,45.06982122237962,4406.982122237962
2025-07-26 12:15:51.034022,Web,Captación,Video,3776,2877,147,208,43,3,7475.24,2456.47,5.508474576271186,5.109489051094891,6.976744186046512,173.84279069767442,0.3286141983401202,-67.13858016598799
2025-07-26 20:59:23.975983,Facebook,Captación,Reel,43079,30151,898,516,79,19,10273.38,55198.37,1.1977993918150374,2.978342343537528,24.050632911392405,130.04278481012656,5.372951258495258,437.2951258495258
2025-07-27 05:42:56.917945,Facebook,Reconocimiento,Imagen,28564,15981,1161,1942,548,62,6807.27,233139.35,6.798767679596695,7.264877041486765,11.313868613138686,12.422025547445257,34.24858276519074,3324.858276519075
2025-07-27 14:26:29.859906,TikTok,Interacción,Reel,29835,24590,632,1944,478,85,8601.49,123478.2,6.515837104072399,2.570150467669784,17.782426778242677,17.994748953974895,14.355443068584629,1335.544306858463
2025-07-27 23:10:02.801867,Facebook,Interacción,Video,8697,4815,149,244,24,2,1341.67,7058.24,2.8055651374037023,3.0944963655244027,8.333333333333332,55.90291666666667,5.260786929721913,426.07869297219133
2025-07-28 07:53:35.743829,TikTok,Reconocimiento,Artículo,15629,12763,535,931,77,16,10595.82,18452.2,5.956875039989763,4.1918044346940375,20.77922077922078,137.60805194805195,1.7414603117078244,74.14603117078245
2025-07-28 16:37:08.685790,Web,Conversión,Artículo,9386,8096,537,235,51,4,1265.96,6246.27,2.5037289580225868,6.632905138339922,7.8431372549019605,24.822745098039217,4.93401845239976,393.401845239976
2025-07-29 01:20:41.627751,Web,Interacción,Artículo,18046,12659,801,231,43,2,12347.73,5596.69,1.2800620636152056,6.32751402164468,4.651162790697675,287.156511627907,0.4532565904826231,-54.67434095173769
2025-07-29 10:04:14.569713,Instagram,Captación,Video,9044,6669,666,217,53,3,12461.73,10634.92,2.3993808049535605,9.986504723346828,5.660377358490567,235.12698113207546,0.8534063890005642,-14.659361099943583
2025-07-29 18:47:47.511674,Web,Conversión,Reel,10615,7610,714,238,55,18,3937.62,25427.71,2.2421102213848325,9.38239159001314,32.72727272727273,71.5930909090909,6.457634307017945,545.7634307017945
2025-07-30 03:31:20.453635,Facebook,Conversión,Artículo,48802,33489,2097,1641,338,31,5193.11,48916.08,3.3625671079054134,6.261757592045149,9.171597633136095,15.364230769230769,9.419419191967819,841.9419191967819
2025-07-30 12:14:53.395597,Instagram,Interacción,Imagen,6060,5215,278,238,70,18,7479.0,29856.15,3.927392739273927,5.330776605944392,25.71428571428571,106.84285714285714,3.9919975932611313,299.1997593261131
2025-07-30 20:58:26.337558,Facebook,Conversión,Video,11900,10268,530,542,99,6,9151.61,10815.26,4.554621848739496,5.161667315932996,6.0606060606060606,92.44050505050505,1.1817876854455118,18.178768544551172
2025-07-31 05:41:59.279519,Web,Conversión,Video,6581,4393,427,285,22,1,4666.63,1751.53,4.330648837562681,9.720009105394945,4.545454545454546,212.11954545454546,0.3753308061706199,-62.466919382938016
2025-07-31 14:25:32.221480,Facebook,Interacción,Reel,35782,27383,690,1035,266,53,9091.05,130360.19,2.8925157900620424,2.5198115619179786,19.924812030075188,34.17687969924812,14.339398639321091,1333.9398639321091
2025-07-31 23:09:05.163442,Facebook,Interacción,Artículo,21173,18514,394,254,28,5,4817.91,17729.58,1.1996410522835688,2.1281192610997084,17.857142857142858,172.06821428571428,3.679931754640498,267.9931754640498
2025-08-01 07:52:38.105403,TikTok,Conversión,Reel,13997,12411,1235,732,178,59,1304.62,155744.28,5.229692076873615,9.950850052372894,33.146067415730336,7.329325842696629,119.37903757415954,11837.903757415954
2025-08-01 16:36:11.047364,Instagram,Captación,Reel,44403,32331,2189,1674,484,161,536.65,653513.56,3.770015539490575,6.770591692183972,33.264462809917354,1.1087809917355371,1217.7649492220257,121676.49492220258
2025-08-02 01:19:43.989326,Instagram,Reconocimiento,Video,47416,33593,1111,1465,328,93,1966.69,355346.28,3.089674371520162,3.307236626678177,28.353658536585364,5.996006097560976,180.68240546298605,17968.240546298606
2025-08-02 10:03:16.931287,Instagram,Conversión,Imagen,8148,5276,229,575,114,26,11987.64,34616.74,7.0569464899361805,4.34040940106141,22.807017543859647,105.15473684210525,2.887702667080426,188.7702667080426
2025-08-02 18:46:49.873248,Instagram,Conversión,Imagen,19748,17488,1980,1229,202,37,14440.75,37189.99,6.223415029370063,11.322049405306496,18.316831683168317,71.48886138613861,2.5753503107525577,157.53503107525577
2025-08-03 03:30:22.815210,Instagram,Captación,Reel,15022,9012,954,1052,148,23,6691.01,103209.16,7.003062175475969,10.585885486018643,15.54054054054054,45.20952702702703,15.425049431999055,1442.5049431999057
2025-08-03 12:13:55.757171,Instagram,Conversión,Imagen,21013,15821,1439,938,129,43,7933.92,48817.49,4.463903297958407,9.095505973073763,33.33333333333333,61.50325581395349,6.153010113537822,515.3010113537822
2025-08-03 20:57:28.699132,TikTok,Conversión,Artículo,39687,25752,1756,760,158,36,2629.3,51228.88,1.9149847557134578,6.818887853370612,22.78481012658228,16.64113924050633,19.48384741185867,1848.3847411858665
2025-08-04 05:41:01.641094,Instagram,Reconocimiento,Video,16886,10936,787,991,235,52,8489.95,46433.91,5.868767025938648,7.196415508412582,22.127659574468083,36.12744680851064,5.469279559950294,446.92795599502944
2025-08-04 14:24:34.583055,Facebook,Reconocimiento,Reel,26256,18162,2134,641,140,16,2597.5,55024.2,2.441346739792809,11.749807289946041,11.428571428571429,18.553571428571427,21.18352261790183,2018.3522617901829
2025-08-04 23:08:07.525016,Web,Reconocimiento,Reel,31005,27891,3251,1267,126,8,9362.61,25967.65,4.086437671343332,11.656089778064608,6.349206349206349,74.30642857142858,2.7735481879518638,177.35481879518636
2025-08-05 07:51:40.466977,Facebook,Interacción,Imagen,7638,4347,180,111,19,6,14032.25,29669.97,1.4532600157109192,4.140786749482402,31.57894736842105,738.5394736842105,2.1144128703522242,111.44128703522244
2025-08-05 16:35:13.408939,TikTok,Interacción,Reel,38419,28909,2923,2603,645,92,3337.63,416310.68,6.775293474582888,10.111038085025424,14.263565891472869,5.17462015503876,124.73242390558569,12373.24239055857
2025-08-06 01:18:46.350900,Instagram,Reconocimiento,Imagen,34377,19900,790,646,109,19,11586.17,47985.29,1.8791633941297963,3.969849246231156,17.431192660550458,106.2951376146789,4.141600718788004,314.16007187880035
2025-08-06 10:02:19.292861,Instagram,Reconocimiento,Imagen,41708,25195,1041,3053,562,47,840.79,110951.04,7.319938620888079,4.131772177019251,8.362989323843415,1.496067615658363,131.9604657524471,13096.04657524471
2025-08-06 18:45:52.234823,Instagram,Interacción,Reel,44116,31050,2720,3110,755,227,5944.71,464618.73,7.0495965182700155,8.760064412238325,30.066225165562916,7.873788079470199,78.15666870208976,7715.666870208975
2025-08-07 03:29:25.176784,Instagram,Captación,Artículo,37634,27422,1659,1600,344,20,2105.85,28802.18,4.251474730297072,6.04988695208227,5.813953488372093,6.121656976744186,13.677222974095972,1267.7222974095973
2025-08-07 12:12:58.118745,Instagram,Conversión,Reel,17755,11373,1286,1102,167,50,5610.89,68997.57,6.206702337369755,11.307482634309329,29.94011976047904,33.59814371257485,12.297081211715076,1129.7081211715076
2025-08-07 20:56:31.060707,Instagram,Conversión,Video,24382,16110,465,1301,356,32,3016.29,43378.93,5.335903535394963,2.8864059590316575,8.98876404494382,8.472724719101123,14.381551508641412,1338.155150864141
2025-08-08 05:40:04.002668,Instagram,Reconocimiento,Imagen,23394,13578,966,1549,140,44,5912.92,56288.41,6.621355903223049,7.114449845338047,31.428571428571427,42.235142857142854,9.519562246741035,851.9562246741035
2025-08-08 14:23:36.944629,Instagram,Captación,Imagen,3253,2134,238,130,38,10,6554.08,18101.51,3.996311097448509,11.152764761012184,26.31578947368421,172.47578947368422,2.7618689427043916,176.18689427043915
2025-08-08 23:07:09.886591,Facebook,Interacción,Reel,38710,34385,3796,2516,200,19,4858.57,39672.16,6.499612503229139,11.03969754253308,9.5,24.292849999999998,8.165398460864001,716.5398460864
2025-08-09 07:50:42.828552,Instagram,Reconocimiento,Artículo,46098,40596,1447,1953,104,22,10021.02,106449.9,4.236626317844592,3.564390580352744,21.153846153846153,96.35596153846154,10.622661166228587,962.2661166228586
2025-08-09 16:34:15.770513,Facebook,Captación,Artículo,1864,1243,70,141,38,5,13823.35,16147.94,7.564377682403434,5.631536604987932,13.157894736842104,363.77236842105265,1.1681640123414367,16.816401234143676
2025-08-10 01:17:48.712474,Facebook,Captación,Reel,35036,26269,2151,1543,171,17,6308.63,84114.34,4.404041557255394,8.188358902127984,9.941520467836257,36.8925730994152,13.333218147204702,1233.32181472047
2025-08-10 10:01:21.654436,TikTok,Captación,Artículo,41222,35795,1286,1747,406,124,3288.98,293180.79,4.238028237348988,3.5926805419751364,30.541871921182267,8.100935960591134,89.14033834197836,8814.033834197837
2025-08-10 18:44:54.596397,Instagram,Interacción,Video,14666,8098,945,952,240,41,4425.48,111603.31,6.4912041456429845,11.669548036552236,17.083333333333332,18.4395,25.21835145566131,2421.835145566131
2025-08-11 03:28:27.538358,TikTok,Interacción,Video,21955,18304,2040,1482,392,66,12883.01,142773.2,6.750170803917103,11.145104895104895,16.83673469387755,32.86482142857143,11.082285894367855,1008.2285894367855
2025-08-11 12:12:00.480320,TikTok,Conversión,Video,46138,40690,1493,2252,670,67,8788.78,105064.58,4.881009146473623,3.6692061931678546,10.0,13.11758208955224,11.954398676494348,1095.4398676494347
2025-08-11 20:55:33.422281,Instagram,Conversión,Artículo,38997,22694,728,880,108,17,7097.66,23821.96,2.2565838397825475,3.2078963602714374,15.74074074074074,65.71907407407407,3.356311798536419,235.6311798536419
2025-08-12 05:39:06.364242,Web,Captación,Imagen,17309,10498,299,739,168,52,2669.73,248005.3,4.269455196718471,2.848161554581825,30.952380952380953,15.89125,92.89527405393054,9189.527405393053
2025-08-12 14:22:39.306204,Web,Captación,Video,5054,4479,496,393,30,4,7021.05,19778.42,7.77601899485556,11.073900424201831,13.333333333333334,234.035,2.8170173976826827,181.70173976826825
2025-08-12 23:06:12.248165,Instagram,Interacción,Reel,1935,1428,56,121,18,6,4538.13,5931.72,6.253229974160207,3.9215686274509802,33.33333333333333,252.11833333333334,1.3070846361827448,30.70846361827449
2025-08-13 07:49:45.190126,Instagram,Conversión,Imagen,45940,25495,1571,3067,803,268,14175.87,383629.32,6.676099259904222,6.161992547558345,33.37484433374844,17.653636363636366,27.062135868909632,2606.213586890963
2025-08-13 16:33:18.132088,TikTok,Captación,Video,23778,15221,987,292,41,3,13319.02,7736.4,1.228025906299941,6.484462256093555,7.317073170731707,324.85414634146343,0.5808535462819336,-41.91464537180664
2025-08-14 01:16:51.074049,TikTok,Conversión,Artículo,44298,31339,2504,1893,374,38,1716.59,60138.82,4.273330624407422,7.990044353680717,10.16042780748663,4.589812834224599,35.033886950290984,3403.3886950290985
2025-08-14 10:00:24.016010,Instagram,Conversión,Imagen,49328,39093,1062,2726,479,147,7991.48,342259.76,5.526273110606552,2.7165988795948124,30.68893528183716,16.68367432150313,42.8280819072312,4182.808190723121
2025-08-14 18:43:56.957971,Instagram,Captación,Reel,49924,40269,1718,3399,718,120,3763.35,161064.56,6.808348690008812,4.266309071494201,16.71309192200557,5.241434540389972,42.798187784819376,4179.818778481937
2025-08-15 03:27:29.899933,Facebook,Interacción,Artículo,17709,15909,1800,238,69,3,6456.27,8152.05,1.343949404257722,11.314350367716388,4.3478260869565215,93.56913043478262,1.262656301548727,26.2656301548727
2025-08-15 12:11:02.841894,Facebook,Captación,Reel,10726,6978,773,747,47,6,13214.3,11646.7,6.964385605071788,11.077672685583263,12.76595744680851,281.15531914893614,0.8813709390584443,-11.862906094155564
2025-08-15 20:54:35.783855,TikTok,Captación,Artículo,41542,30673,3009,2010,388,88,8148.96,200464.11,4.838476722353281,9.80993055781958,22.68041237113402,21.002474226804125,24.59996244919597,2359.9962449195973
2025-08-16 05:38:08.725817,Facebook,Conversión,Imagen,21245,15650,343,505,134,38,5346.12,45452.3,2.377029889385738,2.191693290734824,28.35820895522388,39.89641791044776,8.501922889871533,750.1922889871533
2025-08-16 14:21:41.667778,Facebook,Captación,Imagen,35753,24740,1303,1151,196,17,3514.38,44168.34,3.2193102676698455,5.266774454324979,8.673469387755102,17.93051020408163,12.567889641985214,1156.7889641985214
2025-08-16 23:05:14.609739,TikTok,Interacción,Video,15252,9291,769,453,31,2,12104.71,9859.36,2.970102281667978,8.276827036917448,6.451612903225806,390.4745161290322,0.8145060889521518,-18.54939110478482
2025-08-17 07:48:47.551701,Instagram,Captación,Artículo,22316,19908,946,1052,200,65,9555.51,141771.42,4.714106470693673,4.751858549326904,32.5,47.77755,14.836614686186296,1383.6614686186294
2025-08-17 16:32:20.493662,Instagram,Interacción,Reel,38371,32563,3613,522,69,18,7286.95,80658.05,1.3604023872195148,11.095415041611645,26.08695652173913,105.60797101449275,11.068835383802552,1006.8835383802552
2025-08-18 01:15:53.435623,TikTok,Interacción,Video,20162,14605,1217,425,37,8,3653.52,34731.49,2.1079258010118047,8.332762752482028,21.62162162162162,98.74378378378378,9.506308984212485,850.6308984212485
2025-08-18 09:59:26.377585,Web,Conversión,Video,16960,12908,350,1134,297,83,5346.57,398287.56,6.686320754716982,2.711496746203905,27.946127946127948,18.001919191919193,74.49403262278433,7349.403262278433
2025-08-18 18:42:59.319546,Facebook,Reconocimiento,Reel,31791,20013,2219,613,110,19,14417.73,78250.74,1.92821867824227,11.087792934592516,17.272727272727273,131.07027272727274,5.427396684498878,442.7396684498878
2025-08-19 03:26:32.261507,Facebook,Reconocimiento,Reel,43230,32004,3705,1138,322,89,8041.3,317757.29,2.6324311820495025,11.576677915260593,27.639751552795033,24.972981366459628,39.515661646748654,3851.5661646748663
2025-08-19 12:10:05.203468,Instagram,Conversión,Imagen,26216,20795,577,1094,275,44,6310.14,193496.81,4.173024107415319,2.774705458042799,16.0,22.945963636363636,30.66442424415306,2966.4424244153056
2025-08-19 20:53:38.145430,Facebook,Captación,Artículo,33467,24441,1789,1546,345,42,8060.62,46943.72,4.619475901634446,7.319667771367784,12.173913043478262,23.364115942028985,5.823834891112594,482.3834891112594
2025-08-20 05:37:11.087391,Facebook,Conversión,Video,47934,42977,2163,3041,155,41,11795.33,112499.44,6.3441398589727545,5.032924587570096,26.451612903225808,76.09890322580645,9.537625483983916,853.7625483983916
2025-08-20 14:20:44.029352,Instagram,Interacción,Imagen,8754,6687,396,361,56,9,5431.58,44593.89,4.123829106694083,5.921938088829071,16.071428571428573,96.99249999999999,8.210113815869416,721.0113815869415
2025-08-20 23:04:16.971314,Instagram,Reconocimiento,Video,48014,32641,1239,3134,311,107,3091.24,431458.31,6.527262881659516,3.795839588247909,34.40514469453376,9.93967845659164,139.5745105523997,13857.451055239968
2025-08-21 07:47:49.913275,Facebook,Conversión,Artículo,5078,4165,324,270,74,11,8981.57,53247.88,5.31705395825128,7.7791116446578625,14.864864864864865,121.37256756756756,5.928571508099363,492.85715080993634
2025-08-21 16:31:22.855236,Instagram,Captación,Imagen,13853,8445,977,248,23,7,10145.46,28521.25,1.7902259438388797,11.568975725281232,30.434782608695656,441.1069565217391,2.811232807580928,181.12328075809282
2025-08-22 01:14:55.797198,Facebook,Conversión,Reel,5042,3451,242,105,12,3,10834.41,13423.51,2.0825069416898057,7.012460156476384,25.0,902.8675,1.2389700962027466,23.897009620274666
2025-08-22 09:58:28.739159,Instagram,Reconocimiento,Imagen,15389,10332,292,624,111,13,13288.82,48976.52,4.0548443693547345,2.8261711188540457,11.711711711711711,119.7190990990991,3.6855431859262144,268.5543185926214
2025-08-22 18:42:01.681120,Facebook,Conversión,Reel,31425,22033,1806,1187,137,39,5882.02,155770.23,3.777247414478918,8.196795715517633,28.467153284671532,42.93445255474453,26.48243800599114,2548.2438005991144
2025-08-23 03:25:34.623082,Instagram,Conversión,Reel,3575,2944,159,221,22,3,1592.65,8992.04,6.181818181818182,5.400815217391304,13.636363636363635,72.39318181818182,5.645961133959125,464.59611339591254
2025-08-23 12:09:07.565043,Web,Reconocimiento,Imagen,40522,29153,3078,2052,409,133,14396.05,622679.18,5.06391589753714,10.558090076492984,32.51833740831296,35.1981662591687,43.25347439054463,4225.347439054463
2025-08-23 20:52:40.507004,TikTok,Interacción,Reel,29179,24157,1533,1084,78,14,6807.67,59712.29,3.7150005140683366,6.345986670530281,17.94871794871795,87.27782051282051,8.771325578355002,777.1325578355003
2025-08-24 05:36:13.448965,TikTok,Interacción,Reel,35754,26878,1055,784,50,13,9537.23,56476.12,2.1927616490462607,3.925143239824392,26.0,190.7446,5.921648109566405,492.1648109566405
2025-08-24 14:19:46.390927,TikTok,Reconocimiento,Reel,19624,13142,513,507,72,13,10161.43,47146.3,2.5835711373827968,3.9035154466595645,18.055555555555554,141.13097222222223,4.639730825287386,363.9730825287386
2025-08-24 23:03:19.332888,Facebook,Conversión,Imagen,21350,17795,1723,1073,246,29,8424.45,60297.84,5.02576112412178,9.682495082888453,11.788617886178862,34.24573170731708,7.157480903797873,615.7480903797873
2025-08-25 07:46:52.274849,Instagram,Reconocimiento,Reel,27681,17533,816,1097,207,22,3476.23,20892.19,3.9630071167949135,4.654080876062283,10.628019323671497,16.793381642512077,6.010013721761793,501.0013721761793
2025-08-25 16:30:25.216811,Facebook,Interacción,Video,24988,15705,1519,1150,179,31,11449.57,146622.3,4.602209060348968,9.672078955746578,17.318435754189945,63.9640782122905,12.805921969121984,1180.5921969121982
2025-08-26 01:13:58.158772,TikTok,Captación,Imagen,16470,11966,485,361,69,19,12154.4,61972.4,2.1918639951426835,4.0531505933478185,27.536231884057973,176.15072463768115,5.0987625880339635,409.87625880339635
2025-08-26 09:57:31.100733,TikTok,Conversión,Imagen,25704,16483,859,1449,204,47,8518.15,96453.42,5.637254901960785,5.211429958138688,23.03921568627451,41.755637254901956,11.323282637661935,1032.3282637661935
2025-08-26 18:41:04.042695,Facebook,Interacción,Video,39736,21981,1462,2768,786,201,7584.14,286699.86,6.965975437890075,6.651198762567673,25.572519083969464,9.649033078880407,37.80255375032633,3680.2553750326333
2025-08-27 03:24:36.984656,Instagram,Conversión,Video,30377,23600,2697,852,54,7,2152.1,29987.98,2.804753596471014,11.427966101694915,12.962962962962962,39.8537037037037,13.934287440174714,1293.4287440174714
2025-08-27 12:08:09.926617,Instagram,Reconocimiento,Video,29572,21554,2439,1313,286,55,1717.3,237236.16,4.440010821046936,11.31576505521017,19.230769230769234,6.004545454545454,138.14485529610437,13714.485529610436
2025-08-27 20:51:42.868579,Facebook,Captación,Reel,8493,5995,243,664,181,11,5423.69,46430.27,7.818203226186271,4.053377814845705,6.077348066298343,29.96513812154696,8.560642293346412,756.0642293346411
2025-08-28 05:35:15.810540,TikTok,Reconocimiento,Reel,5103,4533,253,170,42,12,5007.27,42112.17,3.331373701744072,5.581292742113391,28.57142857142857,119.2207142857143,8.41020556111414,741.0205561114138
2025-08-28 14:18:48.752501,TikTok,Captación,Imagen,35844,26880,939,1851,177,61,14328.02,142573.14,5.164044191496485,3.4933035714285716,34.463276836158194,80.94926553672316,9.95065193934682,895.0651939346819
2025-08-28 23:02:21.694462,Facebook,Conversión,Imagen,3994,3403,241,65,8,1,11862.53,2077.1,1.627441161742614,7.081986482515427,12.5,1482.81625,0.1750975550746763,-82.49024449253237
2025-08-29 07:45:54.636424,Web,Conversión,Imagen,4744,2840,187,248,56,2,10068.9,1671.86,5.227655986509275,6.584507042253521,3.571428571428571,179.8017857142857,0.16604197082104302,-83.3958029178957
2025-08-29 16:29:27.578385,TikTok,Reconocimiento,Reel,48234,36137,3977,784,55,5,8005.9,21505.76,1.6254094622050834,11.005340786451558,9.090909090909092,145.56181818181818,2.686238898812126,168.6238898812126
2025-08-30 01:13:00.520346,Instagram,Captación,Imagen,48291,41230,4659,3725,942,231,2926.83,269627.2,7.713652647491251,11.300024254183846,24.522292993630572,3.1070382165605093,92.12260363601577,9112.260363601576
2025-08-30 09:56:33.462308,Instagram,Captación,Reel,28332,21364,1246,1702,390,91,14687.62,313874.56,6.0073415219539745,5.83224115334207,23.333333333333332,37.6605641025641,21.370008210996744,2037.0008210996743
2025-08-30 18:40:06.404269,Instagram,Conversión,Artículo,6594,5283,365,429,99,28,5938.09,81679.21,6.505914467697907,6.908953246261594,28.28282828282828,59.98070707070707,13.755131700597332,1275.513170059733
2025-08-31 03:23:39.346230,Instagram,Reconocimiento,Imagen,41299,28092,3079,2448,183,23,2050.42,69278.19,5.927504297924889,10.96041577673359,12.568306010928962,11.20448087431694,33.787316744862025,3278.7316744862032
2025-08-31 12:07:12.288192,Instagram,Captación,Video,8371,4874,490,429,98,27,7660.08,126689.24,5.124835742444152,10.053344275748872,27.55102040816326,78.16408163265307,16.538892544203193,1553.8892544203195
2025-08-31 20:50:45.230153,Instagram,Conversión,Imagen,48315,34316,698,2004,440,112,13172.97,104471.7,4.147780192486805,2.034036601002448,25.454545454545453,29.93856818181818,7.930762766483185,693.0762766483185
2025-09-01 05:34:18.172114,Instagram,Interacción,Reel,19028,13092,680,1333,343,50,13365.72,202412.37,7.005465629598487,5.194011610143599,14.577259475218659,38.967113702623905,15.144142627557663,1414.4142627557662
2025-09-01 14:17:51.114076,Instagram,Reconocimiento,Imagen,36912,31503,1958,2841,171,36,659.01,36670.32,7.696684005201561,6.215281084341174,21.052631578947366,3.853859649122807,55.64455774570948,5464.455774570947
2025-09-01 23:01:24.056037,Web,Interacción,Video,14990,9524,409,673,37,3,13351.29,2880.74,4.4896597731821215,4.294414111717765,8.108108108108109,360.8456756756757,0.21576491859588096,-78.4235081404119
2025-09-02 07:44:56.997998,Instagram,Reconocimiento,Video,47851,42508,1698,3598,515,95,4436.52,247497.26,7.519174102944557,3.9945422038204574,18.446601941747574,8.614601941747575,55.78635056305392,5478.635056305392
2025-09-02 16:28:29.939959,Facebook,Conversión,Artículo,17626,15605,371,895,78,24,1065.1,25557.98,5.077726086463179,2.37744312720282,30.76923076923077,13.655128205128204,23.995850154915033,2299.5850154915033
2025-09-03 01:12:02.881921,Facebook,Captación,Video,21469,13668,1152,1023,193,34,12792.96,139889.76,4.765010014439424,8.428446005267778,17.616580310880828,66.28476683937824,10.934901695932764,993.4901695932765
2025-09-03 09:55:35.823882,Web,Captación,Imagen,41722,28029,1296,1744,487,147,13026.07,444552.25,4.180048895067351,4.62378251097078,30.184804928131413,26.747577002053387,34.12788738276395,3312.788738276395
2025-09-03 18:39:08.765843,Instagram,Captación,Reel,41037,35433,894,1011,149,33,9145.35,30424.78,2.46363038233789,2.523071712810092,22.14765100671141,61.37818791946309,3.3268032388044193,232.68032388044196
2025-09-04 03:22:41.707805,Facebook,Reconocimiento,Imagen,8130,7222,311,83,21,2,8829.29,1940.21,1.020910209102091,4.3062863472722235,9.523809523809524,420.442380952381,0.21974700117449986,-78.02529988255002
2025-09-04 12:06:14.649766,Web,Conversión,Imagen,7828,5520,553,210,10,2,12290.24,6746.42,2.6826775677056722,10.018115942028984,20.0,1229.024,0.548925000650923,-45.10749993490769
2025-09-04 20:49:47.591727,Web,Interacción,Reel,42612,28224,2967,1946,179,36,11901.49,150684.11,4.566788698019337,10.512329931972788,20.11173184357542,66.48877094972067,12.660944974116685,1166.0944974116687
2025-09-05 05:33:20.533689,TikTok,Conversión,Reel,47988,35229,2406,1756,101,17,13406.53,44858.89,3.6592481453696757,6.829600613131228,16.831683168316832,132.73792079207922,3.346047784176815,234.60477841768156
2025-09-05 14:16:53.475650,Instagram,Interacción,Video,40099,31707,1953,1659,219,18,8514.84,56326.3,4.137260280805007,6.1595231336928755,8.21917808219178,38.88054794520548,6.615074387774756,561.5074387774756
2025-09-05 23:00:26.417611,Instagram,Reconocimiento,Video,47165,30455,3587,3709,1027,179,14530.88,744511.78,7.86388211597583,11.778033163684123,17.429406037000973,14.14886075949367,51.236523871919665,5023.652387191966
2025-09-06 07:43:59.359573,TikTok,Reconocimiento,Reel,18883,15253,610,651,48,3,14944.13,10092.38,3.4475454112164376,3.9992132695207503,6.25,311.33604166666663,0.6753407525228969,-32.465924747710304
2025-09-06 16:27:32.301534,Web,Interacción,Imagen,44059,25029,1039,1835,369,29,2189.9,50575.8,4.164869833632175,4.151184625834032,7.8590785907859075,5.934688346883469,23.09502717019042,2209.502717019042
2025-09-07 01:11:05.243495,TikTok,Interacción,Artículo,19542,11085,545,378,61,10,12818.38,33748.19,1.934295363831747,4.916553901668922,16.39344262295082,210.13737704918032,2.6327968120776575,163.27968120776578
2025-09-07 09:54:38.185456,TikTok,Interacción,Artículo,43932,30102,1122,586,166,23,7747.42,79091.8,1.333879632158791,3.727327087901136,13.855421686746988,46.67120481927711,10.208792088204849,920.8792088204849
2025-09-07 18:38:11.127418,Instagram,Conversión,Imagen,11450,7714,446,735,59,19,6119.71,73781.74,6.419213973799126,5.781695618356236,32.20338983050847,103.72389830508475,12.056411169810335,1105.6411169810333
2025-09-08 03:21:44.069379,TikTok,Interacción,Imagen,21423,14149,1571,1070,110,17,9389.55,57930.42,4.994631937637119,11.103258180790162,15.454545454545453,85.35954545454545,6.169669472977938,516.9669472977938
2025-09-08 12:05:17.011340,Instagram,Reconocimiento,Imagen,3035,2190,178,191,10,2,1311.5,9741.63,6.29324546952224,8.12785388127854,20.0,131.15,7.427853602744948,642.7853602744948
2025-09-08 20:48:49.953302,Facebook,Reconocimiento,Reel,45231,29954,1833,926,146,30,7843.69,48858.33,2.0472684663173486,6.119383054016158,20.54794520547945,53.723904109589036,6.228998086359864,522.8998086359863
2025-09-09 05:32:22.895263,Facebook,Captación,Artículo,41745,25768,2923,2088,249,65,13127.91,311647.76,5.001796622349982,11.34352685501397,26.104417670682732,52.72253012048193,23.739327889968777,2273.932788996878
2025-09-09 14:15:55.837224,Facebook,Interacción,Imagen,18241,12008,298,506,135,17,3595.19,52037.44,2.7739707252891836,2.481678880746169,12.592592592592592,26.631037037037036,14.474183561925797,1347.4183561925795
2025-09-09 22:59:28.779186,Instagram,Conversión,Reel,24154,21526,883,627,126,41,6682.65,148510.85,2.5958433385774615,4.1020161664963295,32.53968253968254,53.03690476190476,22.22334702550635,2122.3347025506355
2025-09-10 07:43:01.721147,Instagram,Conversión,Video,26625,18474,1414,287,58,12,14122.47,14612.86,1.0779342723004695,7.654000216520515,20.689655172413794,243.4908620689655,1.034724095714135,3.472409571413508
2025-09-10 16:26:34.663108,TikTok,Conversión,Reel,45950,32424,2644,878,160,47,6714.18,112725.69,1.9107725788900978,8.154453491241057,29.375,41.963625,16.78919689373833,1578.9196893738329
2025-09-11 01:10:07.605070,Instagram,Captación,Reel,34066,25610,613,1078,78,12,5696.33,48376.71,3.164445488170023,2.3935962514642717,15.384615384615385,73.0298717948718,8.492610154257214,749.2610154257214
2025-09-11 09:53:40.547031,TikTok,Reconocimiento,Artículo,34691,31019,1870,630,101,8,6887.78,30152.21,1.8160329768527859,6.028563138721429,7.920792079207921,68.19584158415842,4.377638368240565,337.7638368240565
2025-09-11 18:37:13.488992,Instagram,Conversión,Reel,14331,9093,772,1132,339,85,8032.07,82329.76,7.898960295862118,8.490047289123503,25.073746312684364,23.693421828908555,10.250129792195535,925.0129792195537
2025-09-12 03:20:46.430953,Facebook,Reconocimiento,Reel,21690,17101,1535,685,177,9,9663.87,27861.26,3.1581373905025356,8.976083269984212,5.084745762711865,54.59813559322034,2.883033401732432,188.30334017324319
2025-09-12 12:04:19.372915,Facebook,Captación,Artículo,20183,16158,1354,385,105,20,12110.05,23415.37,1.907545954516177,8.379749969055576,19.047619047619047,115.33380952380952,1.9335485815500348,93.3548581550035
2025-09-12 20:47:52.314876,Instagram,Interacción,Video,40346,30766,1601,965,246,26,7055.48,129547.52,2.3918108362662966,5.203796398621855,10.569105691056912,28.68081300813008,18.361262451314442,1736.1262451314442
2025-09-13 05:31:25.256837,Facebook,Interacción,Reel,5875,3413,100,300,22,5,12353.47,22843.23,5.106382978723404,2.929973630237328,22.727272727272727,561.5213636363636,1.8491346965670374,84.91346965670375
2025-09-13 14:14:58.198799,Instagram,Interacción,Video,13254,10429,654,191,20,6,8238.95,5331.23,1.4410743926361853,6.270975165404162,30.0,411.94750000000005,0.6470763871609853,-35.29236128390148
2025-09-13 22:58:31.140760,Instagram,Conversión,Imagen,29621,16956,557,2084,105,19,5407.97,83720.24,7.035549103676446,3.2849728709601322,18.095238095238095,51.50447619047619,15.48089948723828,1448.089948723828
2025-09-14 07:42:04.082721,Web,Interacción,Artículo,11905,9031,1036,920,115,33,10040.29,153832.94,7.727845443091138,11.471597829697707,28.695652173913043,87.3068695652174,15.321563420976883,1432.1563420976884
2025-09-14 16:25:37.024683,Facebook,Conversión,Reel,47121,38113,2573,1285,99,20,10906.97,45698.05,2.727021922285181,6.750977356807389,20.2020202020202,110.17141414141413,4.1898024840996175,318.98024840996175
2025-09-15 01:09:09.966644,TikTok,Captación,Artículo,16882,10531,544,700,117,23,8591.71,87903.86,4.1464281483236585,5.165701262937993,19.65811965811966,73.43341880341879,10.23124151071207,923.124151071207
2025-09-15 09:52:42.908605,Instagram,Captación,Reel,20041,16925,1635,231,50,16,1320.92,42509.37,1.1526370939573873,9.6602658788774,32.0,26.418400000000002,32.18163855494655,3118.1638554946553
2025-09-15 18:36:15.850567,TikTok,Conversión,Artículo,30098,16873,1177,1650,443,140,2963.3,497276.7,5.482091833344408,6.975641557517928,31.60270880361174,6.689164785553047,167.8117976580164,16681.17976580164
2025-09-16 03:19:48.792528,TikTok,Reconocimiento,Imagen,43431,36713,1872,1692,401,114,4636.82,254143.97,3.895834772397596,5.099011249421186,28.428927680798004,11.563142144638404,54.809971057750786,5380.997105775079
2025-09-16 12:03:21.734489,TikTok,Interacción,Imagen,34709,24682,2497,1003,285,39,4598.07,84035.2,2.8897404131493274,10.11668422332064,13.684210526315791,16.13357894736842,18.276189792673883,1727.6189792673886
2025-09-16 20:46:54.676450,Facebook,Interacción,Video,35675,22338,2383,873,55,11,10264.6,28408.85,2.447091800981079,10.667920136090967,20.0,186.6290909090909,2.7676529041560314,176.76529041560315
2025-09-17 05:30:27.618412,Facebook,Interacción,Artículo,5837,3483,304,325,17,1,766.06,1411.38,5.56792873051225,8.728107952914154,5.88235294117647,45.06235294117647,1.8423883246743078,84.23883246743078
2025-09-17 14:14:00.560373,Facebook,Conversión,Imagen,47448,41927,1035,1856,399,73,11457.39,313227.21,3.9116506491316807,2.4685763350585543,18.295739348370926,28.715263157894736,27.338443572227185,2633.8443572227184
2025-09-17 22:57:33.502334,Web,Captación,Reel,25489,14667,1123,575,70,13,4347.47,29438.91,2.2558750833692964,7.656644167178019,18.571428571428573,62.10671428571429,6.771503886168277,577.1503886168276
2025-09-18 07:41:06.444296,TikTok,Interacción,Imagen,18627,11542,1111,1084,122,36,4995.32,89302.61,5.819509314436034,9.625714780800553,29.508196721311474,40.94524590163934,17.877255110783693,1687.7255110783697
2025-09-18 16:24:39.386257,Web,Captación,Reel,6696,4497,151,331,43,13,8154.69,59215.38,4.943249701314217,3.3577940849455192,30.23255813953488,189.6439534883721,7.261512086909496,626.1512086909496
2025-09-19 01:08:12.328218,Instagram,Interacción,Artículo,49994,38349,1643,3504,411,71,3630.92,204893.22,7.008841060927311,4.284335967039557,17.27493917274939,8.834355231143553,56.43011137673096,5543.0111376730965
2025-09-19 09:51:45.270180,TikTok,Interacción,Video,14543,10771,1165,265,47,2,13324.83,6171.73,1.8221824932957438,10.816080215393185,4.25531914893617,283.50702127659576,0.4631751399455002,-53.68248600544998
2025-09-19 18:35:18.212141,Web,Conversión,Imagen,13615,8086,177,884,141,43,1737.85,207143.56,6.492838780756519,2.188968587682414,30.49645390070922,12.325177304964539,119.19530454296977,11819.530454296977
2025-09-20 03:18:51.154102,Instagram,Reconocimiento,Reel,2466,1606,153,140,24,2,6943.54,9048.5,5.6772100567721,9.526774595267746,8.333333333333332,289.31416666666667,1.3031537227408498,30.31537227408498
2025-09-20 12:02:24.096064,Instagram,Conversión,Video,31771,20128,1356,573,125,29,12816.62,43841.05,1.8035315224575872,6.736883942766296,23.200000000000003,102.53296,3.420640543294566,242.06405432945658
2025-09-20 20:45:57.038025,TikTok,Interacción,Video,19350,12088,781,1134,166,9,9429.74,25087.53,5.8604651162790695,6.460953011250828,5.421686746987952,56.80566265060241,2.6604688994606427,166.04688994606425
2025-09-21 05:29:29.979986,TikTok,Interacción,Video,1375,954,19,56,6,1,4738.78,4879.44,4.072727272727273,1.9916142557651992,16.666666666666664,789.7966666666666,1.0296827453479587,2.9682745347958726
2025-09-21 14:13:02.921947,TikTok,Reconocimiento,Reel,34030,27101,2762,2591,237,81,6601.02,191479.01,7.613870114604761,10.191505848492675,34.177215189873415,27.85240506329114,29.007488236666454,2800.748823666646
2025-09-21 22:56:35.863909,Instagram,Captación,Reel,21746,13615,762,433,59,4,10747.07,9442.43,1.9911707900303504,5.596768270290122,6.779661016949152,182.15372881355933,0.8786050523538044,-12.139494764619561
2025-09-22 07:40:08.805870,TikTok,Captación,Reel,23886,16202,1200,1313,309,54,14612.28,87432.86,5.496943816461526,7.4064930255524,17.475728155339805,47.28893203883495,5.983519341266387,498.3519341266387
2025-09-22 16:23:41.747831,Instagram,Interacción,Reel,45348,31145,2732,1666,398,56,13450.51,71688.8,3.6738114139543088,8.771873494943009,14.07035175879397,33.79525125628141,5.329820207560903,432.98202075609026
2025-09-23 01:07:14.689793,Instagram,Captación,Reel,43904,39151,3533,3379,732,235,5465.28,918680.83,7.696337463556851,9.024035145973283,32.10382513661202,7.466229508196721,168.09400982200364,16709.40098220036
2025-09-23 09:50:47.631754,Instagram,Interacción,Imagen,33651,29751,3439,1113,120,37,14973.87,149262.73,3.307479718284746,11.55927531847669,30.833333333333336,124.78225,9.968213294225206,896.8213294225209
2025-09-23 18:34:20.573715,TikTok,Reconocimiento,Video,8833,7331,536,683,134,16,550.82,77917.67,7.732367259141855,7.311417269131088,11.940298507462686,4.110597014925373,141.4575905014342,14045.75905014342
2025-09-24 03:17:53.515677,TikTok,Reconocimiento,Artículo,2893,1835,110,211,40,2,900.63,8096.71,7.293466989284479,5.994550408719346,5.0,22.51575,8.990051408458523,799.0051408458523
2025-09-24 12:01:26.457638,Facebook,Interacción,Artículo,31573,18116,2090,913,156,37,12445.69,67416.98,2.8917112722896143,11.536763082358137,23.717948717948715,79.78006410256411,5.416893719833934,441.68937198339336
2025-09-24 20:44:59.399599,Facebook,Reconocimiento,Imagen,32371,21394,1801,2144,401,60,3392.21,58109.38,6.623212134317753,8.418248106945873,14.962593516209477,8.459376558603491,17.13024252625869,1613.0242526258692
2025-09-25 05:28:32.341561,Web,Conversión,Reel,41874,26940,1342,3337,577,145,1381.15,716131.37,7.969145531833596,4.981440237564959,25.12998266897747,2.39367417677643,518.5036889548564,51750.36889548565
2025-09-25 14:12:05.283522,Facebook,Conversión,Artículo,12826,9325,304,355,67,3,3938.65,6689.68,2.7678153750194916,3.2600536193029486,4.477611940298507,58.78582089552239,1.6984702880428573,69.84702880428574
2025-09-25 22:55:38.225483,TikTok,Reconocimiento,Video,35420,29122,3036,1437,328,29,6678.45,61198.13,4.057029926595144,10.425108165647964,8.841463414634147,20.361128048780486,9.163522973144966,816.3522973144966
2025-09-26 07:39:11.167444,Facebook,Interacción,Video,22924,19494,1095,1063,82,20,11093.21,92100.24,4.6370615948351075,5.6171129578331795,24.390243902439025,135.2830487804878,8.3023975927617,730.2397592761698
2025-09-26 16:22:44.109406,Facebook,Interacción,Video,34367,29064,2500,1053,249,28,9552.87,91207.75,3.0639858003317135,8.601706578585192,11.244979919678714,38.36493975903615,9.547680435303736,854.7680435303736
2025-09-27 01:06:17.051367,Facebook,Reconocimiento,Imagen,22199,15004,1006,245,20,6,3945.51,10214.75,1.1036533177170142,6.704878699013596,30.0,197.27550000000002,2.588955546938165,158.8955546938165
2025-09-27 09:49:49.993328,Facebook,Captación,Video,26868,21240,847,682,45,3,7797.42,13602.61,2.538335566473128,3.987758945386064,6.666666666666667,173.276,1.744501386356,74.45013863559998
2025-09-27 18:33:22.935290,TikTok,Conversión,Reel,9792,6457,517,291,85,9,13930.1,44749.04,2.971813725490196,8.006814310051109,10.588235294117647,163.8835294117647,3.2123990495402044,221.23990495402043
2025-09-28 03:16:55.877251,Facebook,Captación,Artículo,21597,12338,321,886,256,89,12317.61,103600.45,4.1024216326341625,2.601718268763171,34.765625,48.1156640625,8.410759067708751,741.0759067708751
2025-09-28 12:00:28.819212,Instagram,Interacción,Artículo,37405,29757,1825,822,53,9,5186.25,39793.11,2.1975671701644166,6.133010720166684,16.9811320754717,97.85377358490567,7.672809833694866,667.2809833694866
2025-09-28 20:44:01.761174,Web,Interacción,Reel,33696,18648,1392,2396,385,100,14742.84,244016.59,7.110636277302944,7.4646074646074645,25.97402597402597,38.29309090909091,16.551532133564496,1555.1532133564497
2025-09-29 05:27:34.703135,Facebook,Captación,Video,44123,30586,1945,2618,252,26,10775.0,78028.71,5.933413412505949,6.359118550971033,10.317460317460316,42.757936507936506,7.24164361948956,624.164361948956
2025-09-29 14:11:07.645096,Facebook,Reconocimiento,Imagen,16989,11302,1072,271,46,10,1405.52,46422.27,1.5951498028135853,9.485046894354982,21.73913043478261,30.554782608695653,33.02853748079003,3202.853748079003
2025-09-29 22:54:40.587058,Web,Captación,Reel,29931,23725,2438,1661,427,114,1009.83,557253.96,5.549430356486586,10.276080084299261,26.697892271662766,2.3649414519906324,551.8294762484774,55082.947624847744
2025-09-30 07:38:13.529019,TikTok,Captación,Video,10290,8419,817,573,164,23,2941.92,43725.03,5.568513119533527,9.704240408599595,14.02439024390244,17.938536585365853,14.862752896067873,1386.2752896067875
2025-09-30 16:21:46.470980,Instagram,Conversión,Video,39367,25841,617,3028,631,188,11053.91,318466.97,7.691721492620723,2.387678495414264,29.793977812995248,17.5180824088748,28.810345841426244,2781.0345841426247
2025-10-01 01:05:19.412941,Web,Conversión,Artículo,15342,12796,504,156,21,4,3164.21,4552.68,1.0168165819319515,3.938730853391685,19.047619047619047,150.67666666666668,1.4388046305396924,43.880463053969244
2025-10-01 09:48:52.354903,TikTok,Captación,Imagen,25941,16936,1247,709,142,23,7916.56,72669.67,2.7331251686519407,7.363013698630137,16.19718309859155,55.75042253521127,9.179450417858261,817.9450417858261
2025-10-01 18:32:25.296864,Facebook,Captación,Imagen,14945,10554,1197,1120,143,31,1852.27,26571.29,7.494145199063232,11.341671404206936,21.678321678321677,12.952937062937062,14.345257440869853,1334.5257440869852
2025-10-02 03:15:58.238825,Instagram,Interacción,Artículo,11762,9462,979,885,245,54,13852.85,136618.53,7.524230573031796,10.346649756922426,22.040816326530614,56.542244897959186,9.862124400394142,886.2124400394142
2025-10-02 11:59:31.180787,TikTok,Conversión,Reel,31133,24673,2572,1881,503,50,5487.43,55410.64,6.041820576237433,10.42435050460017,9.940357852882704,10.909403578528828,10.097739743377137,909.7739743377136
2025-10-02 20:43:04.122748,TikTok,Conversión,Reel,48080,43059,2166,3058,579,98,13667.91,245190.93,6.360232945091513,5.030307252839128,16.92573402417962,23.606062176165803,17.939167729374862,1693.9167729374863
2025-10-03 05:26:37.064709,Facebook,Interacción,Reel,41150,25875,1628,675,88,13,14200.7,12580.3,1.6403402187120293,6.291787439613526,14.772727272727273,161.3715909090909,0.8858929489391367,-11.41070510608633
2025-10-03 14:10:10.006671,Web,Reconocimiento,Reel,28052,21931,1470,1289,158,26,588.87,112005.72,4.595037786967062,6.7028407277369935,16.455696202531644,3.727025316455696,190.20449335167353,18920.449335167355
2025-10-03 22:53:42.948632,TikTok,Conversión,Reel,42750,32634,1166,1120,65,18,7229.96,30256.27,2.6198830409356724,3.5729607158178585,27.692307692307693,111.23015384615384,4.184846112564938,318.4846112564938
2025-10-04 07:37:15.890593,Instagram,Conversión,Imagen,20953,18235,421,475,120,23,857.51,50114.62,2.266978475635947,2.308746915272827,19.166666666666668,7.1459166666666665,58.44202399972012,5744.202399972012
2025-10-04 16:20:48.832555,Facebook,Reconocimiento,Imagen,41475,25081,2876,2767,449,149,13676.05,663676.04,6.671488848704038,11.466847414377417,33.18485523385301,30.45890868596882,48.528342613547046,4752.834261354704
2025-10-05 01:04:21.774516,Instagram,Conversión,Artículo,18130,14742,649,352,46,6,8016.91,23605.9,1.9415333701047988,4.402387735721069,13.043478260869565,174.28065217391304,2.944513534516416,194.4513534516416
2025-10-05 09:47:54.716477,TikTok,Conversión,Reel,32086,24029,1057,1373,230,40,1586.69,68798.44,4.279124851960357,4.39885138790628,17.391304347826086,6.898652173913043,43.3597237015422,4235.97237015422
2025-10-05 18:31:27.658438,Instagram,Reconocimiento,Imagen,5633,3639,103,426,108,30,2099.01,33059.33,7.562577667317592,2.830447925254191,27.77777777777778,19.43527777777778,15.749963077831929,1474.9963077831928
2025-10-06 03:15:00.600400,TikTok,Reconocimiento,Imagen,18304,13106,1479,421,34,7,6060.88,26640.81,2.3000437062937062,11.284907675873646,20.588235294117645,178.26117647058823,4.3955349718192736,339.55349718192736
2025-10-06 11:58:33.542361,TikTok,Captación,Reel,43037,28698,2237,3376,892,190,14133.4,463780.64,7.8444129469990935,7.794968290473204,21.300448430493272,15.844618834080718,32.814513139088966,3181.4513139088967
2025-10-06 20:42:06.484322,Web,Interacción,Imagen,33284,25054,2172,2649,726,47,10547.18,188824.19,7.958778992909505,8.669274367366489,6.473829201101928,14.52779614325069,17.902812884581472,1690.2812884581472
2025-10-07 05:25:39.426284,Facebook,Interacción,Video,47546,40944,4551,2324,666,112,13080.47,299066.66,4.88789803558659,11.115181711606096,16.816816816816818,19.640345345345345,22.863601995952745,2186.3601995952745
2025-10-07 14:09:12.368245,TikTok,Reconocimiento,Reel,8008,6000,327,175,26,3,5813.62,6759.63,2.1853146853146854,5.45,11.538461538461538,223.60076923076923,1.1627230537943656,16.27230537943657
2025-10-07 22:52:45.310206,Instagram,Reconocimiento,Video,49291,38008,3122,1583,165,57,1126.6,153618.57,3.211539631981498,8.214060197853083,34.54545454545455,6.827878787878787,136.35591159240192,13535.591159240192
2025-10-08 07:36:18.252168,TikTok,Conversión,Reel,28405,20780,496,1128,161,22,14627.61,86766.85,3.9711318429853897,2.386910490856593,13.664596273291925,90.85472049689442,5.931717484947986,493.1717484947986
2025-10-08 16:19:51.194129,Instagram,Captación,Reel,37386,21231,821,1183,157,49,749.01,224876.93,3.1642860963997217,3.8669869530403655,31.210191082802545,4.770764331210191,300.2322131880749,29923.221318807493
2025-10-09 01:03:24.136090,Facebook,Captación,Imagen,26373,16654,1717,781,73,18,14240.95,18162.4,2.961361999014143,10.30983547496097,24.65753424657534,195.08150684931508,1.275364354203898,27.536435420389793
2025-10-09 09:46:57.078052,TikTok,Reconocimiento,Artículo,21827,15763,1523,1703,343,52,5845.82,156065.96,7.802263251935676,9.66186639599061,15.160349854227405,17.043206997084546,26.697017698115918,2569.701769811592
2025-10-09 18:30:30.020013,Instagram,Conversión,Imagen,34040,22418,1234,705,119,25,646.31,23447.72,2.0710928319623974,5.504505308234455,21.008403361344538,5.431176470588235,36.2793705806811,3527.93705806811
2025-10-10 03:14:02.961974,Instagram,Conversión,Imagen,14007,8594,495,859,228,68,10492.78,188177.77,6.132647961733419,5.759832441238073,29.82456140350877,46.020964912280704,17.93402415756358,1693.402415756358
2025-10-10 11:57:35.903935,TikTok,Interacción,Reel,19157,13916,1020,192,11,3,14717.83,13554.56,1.0022446103252074,7.329692440356424,27.27272727272727,1337.9845454545455,0.920961853751538,-7.903814624846193
2025-10-10 20:41:08.845897,TikTok,Interacción,Imagen,33157,21982,440,1715,361,35,14501.57,81153.77,5.172361793889676,2.001637703575653,9.695290858725762,40.1705540166205,5.596205790131689,459.620579013169
2025-10-11 05:24:41.787858,TikTok,Conversión,Video,36315,23253,1026,2691,647,98,2833.59,462196.59,7.410161090458487,4.41233389240098,15.146831530139105,4.379582689335394,163.11343207732946,16211.343207732947
2025-10-11 14:08:14.729819,TikTok,Interacción,Reel,36932,26310,1074,1113,266,40,3128.09,137942.22,3.0136467020470055,4.0820980615735465,15.037593984962406,11.759736842105264,44.097906390161405,4309.790639016141
2025-10-11 22:51:47.671781,Facebook,Reconocimiento,Reel,22164,13224,595,509,138,8,8700.31,37787.62,2.296516874210431,4.499395039322444,5.797101449275362,63.045724637681154,4.343249838224156,334.3249838224156
2025-10-12 07:35:20.613742,Instagram,Conversión,Reel,15414,13482,1356,857,199,45,9740.92,179104.49,5.55988062800052,10.057854917668003,22.613065326633166,48.94934673366834,18.38681459246149,1738.6814592461492
2025-10-12 16:18:53.555703,Facebook,Interacción,Video,15327,13084,627,917,258,79,11221.56,97519.79,5.982905982905983,4.792112503821461,30.620155038759687,43.49441860465116,8.690395096581936,769.0395096581937
2025-10-13 01:02:26.497665,Instagram,Captación,Video,49344,39360,1541,2869,382,62,3125.23,109791.82,5.814283398184177,3.9151422764227646,16.230366492146597,8.181230366492146,35.13079677335748,3413.0796773357483
2025-10-13 09:45:59.439626,Web,Conversión,Reel,1946,1142,80,62,10,2,14405.6,4911.03,3.1860226104830422,7.005253940455342,20.0,1440.56,0.340911173432554,-65.9088826567446
2025-10-13 18:29:32.381587,TikTok,Conversión,Artículo,15693,12892,1373,433,23,5,9761.72,7572.24,2.75919199643153,10.650015513496742,21.73913043478261,424.4226086956522,0.7757075597333257,-22.429244026667426
2025-10-14 03:13:05.323549,Facebook,Captación,Reel,28241,23518,1037,2172,112,18,12782.18,51815.32,7.6909457880386665,4.409388553448423,16.071428571428573,114.12660714285714,4.0537154069180685,305.37154069180684
2025-10-14 11:56:38.265510,Facebook,Reconocimiento,Reel,31254,25588,712,2332,256,23,8330.95,63934.16,7.4614449350483145,2.7825543223385965,8.984375,32.5427734375,7.674294048097756,667.4294048097755
2025-10-14 20:40:11.207471,Web,Captación,Video,16540,9756,542,694,52,13,6507.01,62611.75,4.195888754534462,5.555555555555555,25.0,125.1348076923077,9.622199750730365,862.2199750730365
2025-10-15 05:23:44.149432,Instagram,Conversión,Imagen,7719,5985,567,534,61,18,14669.15,47189.83,6.917994558880684,9.473684210526317,29.508196721311474,240.477868852459,3.216943722028884,221.6943722028884
2025-10-15 14:07:17.091394,TikTok,Reconocimiento,Reel,42203,35535,2667,1758,165,42,8940.76,172184.57,4.165580645925645,7.505276487969607,25.454545454545453,54.186424242424245,19.258381837785603,1825.8381837785603
2025-10-15 22:50:50.033355,Facebook,Interacción,Video,26081,19614,1994,1035,59,3,13069.67,14268.07,3.968406119397262,10.166207810747425,5.084745762711865,221.51983050847457,1.0916932103105892,9.16932103105893
2025-10-16 07:34:22.975316,TikTok,Interacción,Reel,12350,9586,1111,259,71,8,14322.74,35866.82,2.097165991902834,11.58981848529105,11.267605633802818,201.7287323943662,2.5041870480089705,150.41870480089705
2025-10-16 16:17:55.917278,Instagram,Interacción,Video,37358,26540,2634,1488,77,5,10292.64,8382.02,3.983082606135232,9.924642049736248,6.493506493506493,133.67064935064934,0.814370268463679,-18.5629731536321
2025-10-17 01:01:28.859239,Web,Conversión,Video,33021,24272,1950,1572,367,81,8459.61,233549.37,4.760606886526756,8.03394858272907,22.070844686648503,23.050708446866487,27.607581200551795,2660.75812005518
2025-10-17 09:45:01.801200,Web,Captación,Video,43832,24634,1707,507,44,12,550.91,27126.09,1.1566891768570908,6.92944710562637,27.27272727272727,12.520681818181817,49.238695975749216,4823.8695975749215
2025-10-17 18:28:34.743162,TikTok,Reconocimiento,Video,29369,22720,545,1206,335,27,1080.28,66943.98,4.106370662943921,2.3987676056338025,8.059701492537313,3.2247164179104475,61.969100603547226,6096.910060354722
2025-10-18 03:12:07.685123,TikTok,Interacción,Video,32728,18933,2242,2117,578,174,3412.34,402877.63,6.4684673673918365,11.84175777742566,30.103806228373703,5.903702422145329,118.06491439891687,11706.491439891686
2025-10-18 11:55:40.627084,Web,Reconocimiento,Reel,18576,13045,761,1070,228,49,3197.12,209264.73,5.760120585701981,5.833652740513607,21.49122807017544,14.022456140350876,65.45413684816336,6445.413684816336
2025-10-18 20:39:13.569046,TikTok,Conversión,Imagen,30001,19573,689,1633,356,91,4194.0,245607.55,5.443151894936835,3.5201553159965258,25.56179775280899,11.780898876404494,58.5616475917978,5756.16475917978
2025-10-19 05:22:46.511007,Instagram,Interacción,Reel,18848,13964,1210,1388,71,24,4921.55,71988.39,7.364176570458405,8.665138928673732,33.80281690140845,69.31760563380281,14.627178429559793,1362.717842955979
2025-10-19 14:06:19.452968,TikTok,Conversión,Reel,1390,829,40,15,4,0,5720.95,0.0,1.079136690647482,4.8250904704463204,0.0,1430.2375,0.0,-100.0
2025-10-19 22:49:52.394929,TikTok,Captación,Reel,22999,18216,1431,1126,303,97,6597.8,102035.56,4.8958650376103305,7.855731225296443,32.01320132013201,21.774917491749175,15.465088362787595,1446.5088362787594
2025-10-20 07:33:25.336891,Facebook,Conversión,Artículo,46436,38460,3025,3023,827,72,1933.56,205158.39,6.510035317426135,7.865314612584504,8.706166868198308,2.3380411124546554,106.10396884503197,10510.396884503198
2025-10-20 16:16:58.278852,TikTok,Conversión,Reel,12569,7631,492,601,129,21,1114.25,85072.24,4.781605537433368,6.4473856637400075,16.27906976744186,8.637596899224807,76.34932914516492,7534.932914516492
2025-10-21 01:00:31.220813,Web,Captación,Video,14029,8228,852,458,62,18,10272.19,25827.84,3.2646660488987096,10.354885755955275,29.03225806451613,165.68048387096775,2.5143460157960473,151.43460157960473
2025-10-21 09:44:04.162775,Web,Reconocimiento,Imagen,23490,14115,656,458,125,40,8291.35,134737.31,1.9497658578118349,4.647538080056678,32.0,66.3308,16.250346445391884,1525.034644539188
2025-10-21 18:27:37.104736,Facebook,Captación,Video,46875,40171,2605,3381,415,83,6940.09,149877.42,7.2128,6.484777575863185,20.0,16.72310843373494,21.595889966844812,2059.588996684481
2025-10-22 03:11:10.046697,Instagram,Captación,Reel,36328,26696,1969,1560,297,67,9699.38,297687.52,4.294208324157674,7.375636799520527,22.55892255892256,32.65784511784511,30.69139676969044,2969.1396769690436
2025-10-22 11:54:42.988659,Web,Conversión,Reel,6867,4899,423,490,36,9,12501.35,19564.37,7.135575942915392,8.634415186772811,25.0,347.25972222222225,1.5649805820971334,56.49805820971334
2025-10-22 20:38:15.930620,TikTok,Reconocimiento,Artículo,16284,9564,941,830,232,69,6701.55,150562.4,5.097027757307787,9.838979506482644,29.74137931034483,28.885991379310347,22.4668024561482,2146.6802456148207
2025-10-23 05:21:48.872581,Instagram,Interacción,Reel,34979,27190,1617,2000,170,14,9796.23,46373.8,5.71771634409217,5.9470393527032,8.235294117647058,57.62488235294117,4.733841488000997,373.38414880009975
2025-10-23 14:05:21.814543,Web,Captación,Imagen,10121,8641,731,671,71,20,14326.8,31419.28,6.629779666040905,8.459669019789375,28.169014084507044,201.78591549295774,2.1930424100287573,119.30424100287573
2025-10-23 22:48:54.756504,Web,Reconocimiento,Artículo,2539,2132,74,142,26,5,12674.56,9982.66,5.592753052382828,3.4709193245778613,19.230769230769234,487.4830769230769,0.7876139290042415,-21.23860709957584
2025-10-24 07:32:27.698465,Facebook,Captación,Video,26488,20372,2307,1002,241,44,6677.01,112193.57,3.7828450619148293,11.324366777930493,18.25726141078838,27.705435684647306,16.802965698718438,1580.296569871844
2025-10-24 16:16:00.640426,TikTok,Captación,Reel,18027,10389,605,828,169,29,9848.39,66273.09,4.593110334498253,5.823467128693811,17.159763313609467,58.27449704142011,6.729332408647505,572.9332408647505
2025-10-25 00:59:33.582388,Facebook,Captación,Reel,9693,5712,530,641,69,13,3067.53,39058.3,6.613019704941711,9.278711484593838,18.84057971014493,44.45695652173913,12.73281760895574,1173.281760895574
2025-10-25 09:43:06.524349,Instagram,Captación,Reel,9921,5627,123,358,17,5,8627.57,16592.44,3.6085072069347848,2.1858894615247912,29.411764705882355,507.5041176470588,1.9231881051095499,92.31881051095499
2025-10-25 18:26:39.466310,Facebook,Conversión,Reel,11310,7239,293,420,100,21,14729.26,66780.07,3.7135278514588856,4.047520375742506,21.0,147.2926,4.533837409347109,353.38374093471094
2025-10-26 03:10:12.408272,TikTok,Reconocimiento,Artículo,46512,27790,1909,776,229,76,8015.57,269610.53,1.6683866529067768,6.86937747391148,33.18777292576419,35.00248908296943,33.63585247212613,3263.585247212613
2025-10-26 11:53:45.350233,Instagram,Reconocimiento,Imagen,31908,20453,2205,2361,596,62,13950.76,129737.97,7.3993982700263246,10.7808145504327,10.40268456375839,23.40731543624161,9.299706252562585,829.9706252562585
2025-10-26 20:37:18.292194,Facebook,Reconocimiento,Imagen,5386,3688,268,88,14,3,6406.36,3992.97,1.6338655774229482,7.266811279826464,21.428571428571427,457.59714285714284,0.6232821758377612,-37.67178241622388
2025-10-27 05:20:51.234156,Facebook,Captación,Reel,33263,29272,3307,1841,508,149,14983.25,595313.36,5.534678170940685,11.297485651817436,29.330708661417322,29.49458661417323,39.7319246491916,3873.1924649191596
2025-10-27 14:04:24.176117,Facebook,Conversión,Imagen,29412,22459,1535,1144,174,44,8898.69,192424.21,3.8895688834489324,6.834676521661695,25.287356321839084,51.14189655172414,21.623880593660413,2062.3880593660415
2025-10-27 22:47:57.118078,Web,Captación,Artículo,18303,15415,1064,702,127,29,1112.9,54503.36,3.835436813637109,6.9023678235484915,22.83464566929134,8.762992125984253,48.97417557732051,4797.417557732051
2025-10-28 07:31:30.060040,Facebook,Captación,Imagen,13242,10575,338,762,128,28,9007.94,70274.01,5.754417761667422,3.1962174940898347,21.875,70.37453125,7.801340817101356,680.1340817101357
2025-10-28 16:15:03.002001,Facebook,Reconocimiento,Video,48025,28304,2837,705,114,35,4481.3,101289.67,1.467985424258199,10.023318258903336,30.701754385964914,39.309649122807016,22.602742507754446,2160.2742507754447
2025-10-29 00:58:35.943962,TikTok,Captación,Imagen,9947,8032,359,512,124,36,970.98,109439.02,5.147280587111692,4.469621513944223,29.03225806451613,7.8304838709677425,112.70986014130054,11170.986014130056
2025-10-29 09:42:08.885923,Facebook,Interacción,Video,47714,30836,3390,3055,555,48,12402.37,171353.22,6.402732950496709,10.993643792969257,8.64864864864865,22.346612612612613,13.816167393812634,1281.6167393812634
2025-10-29 18:25:41.827885,Instagram,Captación,Reel,6930,5361,595,471,60,18,4498.08,17545.2,6.796536796536796,11.098675620220108,30.0,74.968,3.9005975883043433,290.05975883043436
2025-10-30 03:09:14.769846,Facebook,Interacción,Video,39170,26217,2997,859,98,17,12049.95,65113.46,2.1930048506510085,11.431513903192585,17.346938775510203,122.95867346938776,5.403629060701496,440.36290607014956
2025-10-30 11:52:47.711807,Instagram,Captación,Imagen,49785,44765,3224,3625,215,27,4679.15,28627.51,7.281309631415085,7.202055177035631,12.558139534883722,21.763488372093022,6.1181005097079595,511.81005097079606
2025-10-30 20:36:20.653769,Instagram,Conversión,Imagen,1507,967,84,84,16,4,3317.73,11067.25,5.57398805573988,8.686659772492245,25.0,207.358125,3.3357898322045494,233.57898322045497
2025-10-31 05:19:53.595730,Facebook,Conversión,Video,2436,1577,154,174,18,3,14622.07,12828.66,7.142857142857142,9.765377298668358,16.666666666666664,812.3372222222222,0.8773491031023651,-12.265089689763487
2025-10-31 14:03:26.537691,Facebook,Reconocimiento,Reel,28151,24652,816,1237,107,31,5743.86,83548.23,4.394160065361799,3.3100762615609285,28.971962616822427,53.68093457943925,14.545659190857716,1354.5659190857716
2025-10-31 22:46:59.479653,Web,Captación,Reel,12618,7048,564,604,128,16,9219.96,22818.83,4.786812490093517,8.00227014755959,12.5,72.0309375,2.4749380691456366,147.49380691456366
2025-11-01 07:30:32.421614,Facebook,Interacción,Reel,9750,7739,181,724,159,8,9344.73,39497.14,7.425641025641026,2.338803462979713,5.031446540880504,58.771886792452825,4.226675356056301,322.6675356056302
2025-11-01 16:14:05.363575,TikTok,Interacción,Video,17122,13763,960,1249,297,58,8626.87,263029.94,7.294708562083868,6.975223425125336,19.52861952861953,29.04670033670034,30.489614425625977,2948.9614425625978
2025-11-02 00:57:38.305537,TikTok,Captación,Reel,8354,7040,249,345,60,4,13763.09,16158.07,4.129758199664831,3.5369318181818183,6.666666666666667,229.38483333333335,1.174014701640402,17.401470164040195
2025-11-02 09:41:11.247498,Instagram,Interacción,Imagen,45062,40152,1537,1316,359,99,10279.4,250306.52,2.9204207536283344,3.827953775652521,27.57660167130919,28.63342618384401,24.350304492480106,2335.0304492480104
2025-11-02 18:24:44.189459,TikTok,Conversión,Video,31979,28508,1610,1199,340,45,6354.13,70746.84,3.749335501422809,5.6475375333239795,13.23529411764706,18.688617647058823,11.133993166649091,1013.3993166649093
2025-11-03 03:08:17.131420,Instagram,Interacción,Video,21900,12545,793,813,204,37,13004.52,175895.3,3.712328767123288,6.321243523316062,18.137254901960784,63.74764705882353,13.5257049087548,1252.5704908754801
2025-11-03 11:51:50.073382,Web,Reconocimiento,Reel,14840,12430,1023,446,93,7,3125.41,21251.12,3.0053908355795147,8.230088495575222,7.526881720430108,33.60655913978494,6.799466310020125,579.9466310020125
2025-11-03 20:35:23.015343,Instagram,Conversión,Artículo,38167,29625,812,1099,138,18,8391.43,78838.07,2.8794508344905285,2.7409282700421937,13.043478260869565,60.807463768115944,9.395069731857383,839.5069731857385
2025-11-04 05:18:55.957304,Facebook,Conversión,Imagen,6037,4688,329,424,125,35,14282.98,78287.97,7.023355971509028,7.0179180887372015,28.000000000000004,114.26384,5.481207003020378,448.1207003020379
2025-11-04 14:02:28.899266,Instagram,Conversión,Imagen,29633,17629,674,441,52,4,9568.27,8832.84,1.4882057165997367,3.8232457881899142,7.6923076923076925,184.0051923076923,0.9231386656103977,-7.6861334389602325
2025-11-04 22:46:01.841227,Web,Captación,Reel,25495,19824,1534,1464,147,35,12346.04,172874.45,5.742302412237694,7.738095238095238,23.809523809523807,83.98666666666668,14.002421019209399,1300.2421019209398
2025-11-05 07:29:34.783188,Facebook,Captación,Reel,16848,15059,1261,372,59,19,9976.63,56842.28,2.207977207977208,8.373729995351617,32.20338983050847,169.09542372881356,5.69754315836109,469.754315836109
2025-11-05 16:13:07.725150,TikTok,Conversión,Video,37483,32577,2465,1278,82,20,12670.88,27818.42,3.4095456606995174,7.566688154219234,24.390243902439025,154.52292682926827,2.195460773048123,119.5460773048123
2025-11-06 00:56:40.667111,Instagram,Captación,Imagen,48645,34231,3211,696,205,60,14195.07,103358.02,1.4307739747147703,9.380386199643597,29.268292682926827,69.24424390243902,7.281261733827308,628.1261733827309
2025-11-06 09:40:13.609072,TikTok,Interacción,Artículo,8837,4983,266,255,50,4,4457.37,11296.66,2.885594658820867,5.338149709010636,8.0,89.1474,2.5343778954854543,153.43778954854545
2025-11-06 18:23:46.551034,Instagram,Captación,Imagen,35069,23734,2290,2237,423,52,2960.09,50875.65,6.378853118138526,9.648605376253476,12.293144208037825,6.997848699763594,17.187197010901695,1618.7197010901696
2025-11-07 03:07:19.492995,Web,Captación,Artículo,8370,7024,444,602,128,40,7517.87,109705.71,7.1923536439665465,6.32118451025057,31.25,58.733359375,14.592658558873724,1359.2658558873727
2025-11-07 11:50:52.434956,Instagram,Conversión,Imagen,7411,5895,403,189,32,8,10677.01,20476.41,2.550263122385643,6.836301950805767,25.0,333.6565625,1.9178037671595325,91.78037671595325
2025-11-07 20:34:25.376917,Instagram,Reconocimiento,Video,40133,28525,2419,1703,98,23,3794.27,93683.88,4.243390725836593,8.480280455740578,23.46938775510204,38.71704081632653,24.69088388543778,2369.088388543778
2025-11-08 05:17:58.318879,Instagram,Reconocimiento,Artículo,31499,17931,391,1352,274,68,559.47,155771.43,4.292199752373091,2.180581116502147,24.817518248175183,2.0418613138686132,278.42677891575954,27742.677891575953
2025-11-08 14:01:31.260840,Facebook,Reconocimiento,Video,31225,21839,1865,2221,508,88,5472.56,433550.02,7.1128903122498,8.539768304409542,17.322834645669293,10.772755905511811,79.22252474162,7822.252474162001
2025-11-08 22:45:04.202801,TikTok,Interacción,Reel,49217,35148,2877,3120,481,30,14548.46,46777.01,6.339273015421501,8.185387504267668,6.237006237006238,30.246278586278585,3.2152550854179758,221.5255085417976
2025-11-09 07:28:37.144763,Instagram,Captación,Video,1692,1480,75,77,18,5,10577.03,16410.72,4.550827423167849,5.0675675675675675,27.77777777777778,587.6127777777779,1.5515432971259417,55.154329712594176
2025-11-09 16:12:10.086724,TikTok,Reconocimiento,Video,29926,23174,662,1704,181,45,6319.22,52953.17,5.69404531176903,2.856649693622163,24.861878453038674,34.91281767955801,8.379700342763822,737.9700342763822
2025-11-10 00:55:43.028685,Facebook,Conversión,Reel,35246,23229,675,2443,257,49,3292.35,190229.21,6.9312829824660955,2.905850445563735,19.06614785992218,12.810700389105058,57.779157744468236,5677.915774446824
2025-11-10 09:39:15.970647,Facebook,Reconocimiento,Reel,40164,29474,3310,428,38,12,5663.3,59735.59,1.0656309132556518,11.230236818891226,31.57894736842105,149.0342105263158,10.547841364575424,954.7841364575422
2025-11-10 18:22:48.912608,Facebook,Reconocimiento,Reel,9448,5414,481,360,51,7,2962.67,29682.68,3.810330228619814,8.88437384558552,13.725490196078432,58.09156862745098,10.018895118254818,901.8895118254818
2025-11-11 03:06:21.854569,Facebook,Captación,Reel,44390,39524,1292,3262,853,117,2041.43,366672.72,7.348501914845686,3.2688999089161017,13.716295427901523,2.3932356389214537,179.6156223823496,17861.56223823496
2025-11-11 11:49:54.796531,TikTok,Captación,Video,11073,7485,416,684,175,54,13647.76,153139.34,6.177187753996207,5.557782231128924,30.857142857142854,77.9872,11.220840636119041,1022.084063611904
2025-11-11 20:33:27.738492,Instagram,Captación,Video,36414,26118,2069,1747,254,73,14965.93,314420.19,4.797605316636458,7.921739796309059,28.74015748031496,58.920984251968505,21.009064588702472,2000.9064588702472
2025-11-12 05:17:00.680453,Instagram,Interacción,Reel,6209,4187,433,292,57,11,2879.66,52042.0,4.702850700595909,10.341533317411034,19.298245614035086,50.52035087719298,18.072272421049707,1707.2272421049706
2025-11-12 14:00:33.622414,Web,Interacción,Reel,7533,5942,144,258,59,5,1290.58,24773.34,3.424930306650737,2.4234264557388085,8.47457627118644,21.874237288135593,19.195508995955308,1819.5508995955308
2025-11-12 22:44:06.564376,Web,Reconocimiento,Imagen,22061,17246,753,1024,112,12,5281.1,29585.58,4.641675354698337,4.366229850400092,10.714285714285714,47.152678571428574,5.602162428281987,460.2162428281987
2025-11-13 07:27:39.506337,Facebook,Captación,Imagen,8211,6571,716,458,42,10,7194.06,49618.53,5.577883327243941,10.896362806269973,23.809523809523807,171.28714285714287,6.897152650937023,589.7152650937022
2025-11-13 16:11:12.448298,Instagram,Reconocimiento,Imagen,10927,7035,147,429,125,20,3469.91,29097.81,3.926054726823465,2.0895522388059704,16.0,27.75928,8.385753520984695,738.5753520984695
2025-11-14 00:54:45.390260,TikTok,Conversión,Imagen,12927,8538,342,775,158,47,4870.66,87650.73,5.995203836930456,4.005621925509487,29.746835443037973,30.826962025316455,17.995657672676803,1699.5657672676803
2025-11-14 09:38:18.332221,Facebook,Conversión,Reel,25594,15198,1761,1798,531,177,3412.63,207774.59,7.0250840040634515,11.587050927753651,33.33333333333333,6.426798493408663,60.88400734917058,5988.400734917057
2025-11-14 18:21:51.274182,Instagram,Captación,Imagen,10316,8040,653,214,28,8,11726.78,15530.41,2.074447460255913,8.121890547263682,28.57142857142857,418.81357142857144,1.3243541705395683,32.43541705395683
2025-11-15 03:05:24.216144,Instagram,Captación,Reel,13177,7430,343,548,123,20,10832.38,80506.75,4.15876147833346,4.616419919246298,16.260162601626014,88.06813008130081,7.432046327769152,643.2046327769151
2025-11-15 11:48:57.158105,TikTok,Conversión,Reel,11846,8993,240,456,48,13,9706.8,56969.67,3.849400641566773,2.6687423551651284,27.083333333333332,202.225,5.869047471875387,486.9047471875386
2025-11-15 20:32:30.100066,TikTok,Captación,Imagen,8933,7632,174,519,59,9,6114.66,36642.14,5.809918280532856,2.279874213836478,15.254237288135593,103.63830508474577,5.992506533478558,499.2506533478558
2025-11-16 05:16:03.042028,Instagram,Interacción,Reel,39244,33820,1504,1078,191,19,13681.09,65559.05,2.7469167261237386,4.447072738024838,9.947643979057592,71.62874345549739,4.791946401931425,379.1946401931425
2025-11-16 13:59:35.983989,Instagram,Interacción,Imagen,47621,33675,3641,2610,339,20,14558.22,59173.19,5.4807752882131835,10.812175204157388,5.899705014749262,42.9446017699115,4.064589627028579,306.4589627028579
2025-11-16 22:43:08.925950,Instagram,Captación,Imagen,41696,29635,1825,2978,273,45,3017.77,169945.11,7.142171910974674,6.158258815589674,16.483516483516482,11.054102564102564,56.31479867584342,5531.479867584342
2025-11-17 07:26:41.867911,TikTok,Conversión,Artículo,3080,1776,163,120,13,4,3733.68,9766.0,3.896103896103896,9.177927927927929,30.76923076923077,287.2061538461538,2.615649975359431,161.5649975359431
2025-11-17 16:10:14.809873,Instagram,Reconocimiento,Artículo,7089,5563,622,522,30,3,8121.65,13000.49,7.363520947947524,11.181017436634908,10.0,270.72166666666664,1.6007202969839873,60.07202969839873
2025-11-18 00:53:47.751834,Instagram,Captación,Reel,27123,22713,1381,2156,487,54,1823.13,196786.71,7.948973196180363,6.080218377140845,11.088295687885012,3.743593429158111,107.93893468924321,10693.893468924321
2025-11-18 09:37:20.693795,TikTok,Captación,Reel,8797,5591,218,153,26,8,6828.5,29846.24,1.7392292827100149,3.899123591486317,30.76923076923077,262.63461538461536,4.370834004539796,337.08340045397966
2025-11-18 18:20:53.635757,Instagram,Reconocimiento,Reel,9346,6518,467,245,18,1,8935.97,3050.93,2.621442328268778,7.164774470696534,5.555555555555555,496.44277777777774,0.34142124469979196,-65.85787553002079
2025-11-19 03:04:26.577718,TikTok,Captación,Reel,20878,17612,1951,1597,148,42,8070.07,189754.39,7.6492001149535405,11.07767431296843,28.37837837837838,54.527499999999996,23.513351185305705,2251.3351185305705
2025-11-19 11:47:59.519679,Instagram,Reconocimiento,Imagen,34672,29713,2984,2672,202,29,5298.17,53895.39,7.706506691278264,10.042742234038974,14.356435643564355,26.228564356435644,10.172453885020676,917.2453885020676
2025-11-19 20:31:32.461641,Instagram,Conversión,Imagen,18653,11846,314,314,63,3,8365.46,7202.46,1.6833753283654103,2.6506837751139622,4.761904761904762,132.78507936507935,0.8609759654579665,-13.902403454203347
2025-11-20 05:15:05.403602,Instagram,Interacción,Imagen,43742,32487,2899,483,35,11,14402.61,44727.09,1.1042019112066208,8.923569427771108,31.428571428571427,411.50314285714285,3.1054850475018068,210.54850475018068
2025-11-20 13:58:38.345563,TikTok,Conversión,Reel,27140,16755,1293,577,137,12,3487.25,34434.54,2.1260132645541634,7.717099373321397,8.75912408759124,25.454379562043794,9.874411068893828,887.4411068893828
2025-11-20 22:42:11.287525,Web,Interacción,Video,2184,1279,141,174,9,1,9995.05,4534.7,7.967032967032966,11.024237685691947,11.11111111111111,1110.5611111111111,0.4536945788165142,-54.63054211834858
2025-11-21 07:25:44.229486,TikTok,Reconocimiento,Reel,35493,30839,994,802,90,11,1129.25,24803.65,2.259600484602598,3.2231914134699573,12.222222222222221,12.547222222222222,21.964711091432367,2096.471109143237
2025-11-21 16:09:17.171447,Facebook,Interacción,Video,45148,37796,2774,2039,555,38,1463.04,89345.09,4.516257641534509,7.339400994814266,6.846846846846846,2.636108108108108,61.06811160323709,6006.81116032371
2025-11-22 00:52:50.113408,TikTok,Conversión,Artículo,25846,21090,2276,1793,411,26,8501.51,117849.95,6.937243674069489,10.791844476055003,6.326034063260341,20.68493917274939,13.862237414294636,1286.2237414294636
2025-11-22 09:36:23.055370,Instagram,Interacción,Reel,46825,26552,1619,535,36,3,2021.62,8251.07,1.1425520555258943,6.0974691172039766,8.333333333333332,56.15611111111111,4.081414904878266,308.1414904878266
2025-11-22 18:19:55.997331,Instagram,Reconocimiento,Video,23195,19606,1337,1213,309,22,824.03,65289.91,5.229575339512826,6.819341018055697,7.119741100323624,2.6667637540453075,79.23244299358034,7823.2442993580335
2025-11-23 03:03:28.939292,Web,Interacción,Video,6606,4646,125,194,33,9,2986.94,19778.47,2.936724190130185,2.6904864399483426,27.27272727272727,90.51333333333334,6.621649581176723,562.1649581176723
2025-11-23 11:47:01.881254,Instagram,Captación,Imagen,4956,3319,158,348,91,17,8690.31,33354.23,7.021791767554479,4.76047002109069,18.681318681318682,95.49791208791208,3.8380943832843712,283.8094383284372
2025-11-23 20:30:34.823215,Instagram,Conversión,Imagen,17555,13012,682,523,104,15,10698.44,53324.77,2.9792082027912272,5.241315708576699,14.423076923076922,102.86961538461539,4.984350054774341,398.435005477434
2025-11-24 05:14:07.765176,Instagram,Captación,Reel,25849,15043,1722,1501,330,57,3435.94,74289.85,5.806801036790592,11.447184737087017,17.272727272727273,10.411939393939393,21.621404913939127,2062.1404913939127
2025-11-24 13:57:40.707138,Instagram,Reconocimiento,Video,19690,16043,774,1126,335,110,10189.76,494223.96,5.718638902996445,4.8245340647011155,32.83582089552239,30.417194029850748,48.50202163740854,4750.202163740853
2025-11-24 22:41:13.649099,Instagram,Interacción,Reel,49849,37578,2483,1271,137,44,3145.91,179196.74,2.54970009428474,6.607589547075417,32.11678832116788,22.962846715328467,56.96181391076032,5596.181391076032
2025-11-25 07:24:46.591060,TikTok,Captación,Reel,27347,16826,1466,340,70,18,9395.13,28820.57,1.2432807986250778,8.71270652561512,25.71428571428571,134.21614285714284,3.0676073667953507,206.76073667953509
2025-11-25 16:08:19.533022,Facebook,Captación,Imagen,34189,21056,762,1321,218,68,6473.42,252612.1,3.863815847202316,3.6189209726443767,31.19266055045872,29.694587155963305,39.02297394576592,3802.297394576591
2025-11-26 00:51:52.474983,Web,Interacción,Imagen,39308,24154,1658,1188,71,10,9980.09,33310.58,3.0222855398392183,6.864287488614722,14.084507042253522,140.56464788732396,3.3377033674045027,233.77033674045026
2025-11-26 09:35:25.416944,TikTok,Interacción,Reel,26785,15266,1432,1784,95,15,14928.26,23625.71,6.660444278514094,9.38032228481593,15.789473684210526,157.13957894736842,1.582616460324244,58.261646032424395
2025-11-26 18:18:58.358905,Facebook,Conversión,Video,33698,25466,2716,2224,177,41,14098.35,79845.64,6.59979820760876,10.665200659703133,23.163841807909606,79.65169491525424,5.663474094486234,466.3474094486234
2025-11-27 03:02:31.300867,Instagram,Captación,Artículo,16966,14321,1183,712,151,35,562.09,88121.02,4.196628551220087,8.260596327072133,23.178807947019866,3.722450331125828,156.77386183707236,15577.386183707236
2025-11-27 11:46:04.242828,Facebook,Captación,Reel,32097,17849,1551,1683,322,62,13338.86,231682.81,5.24348069913076,8.689562440472857,19.25465838509317,41.425031055900625,17.369011294818296,1636.9011294818297
2025-11-27 20:29:37.184789,TikTok,Reconocimiento,Imagen,16882,9574,312,882,166,28,1464.12,97513.87,5.224499466887809,3.2588259870482554,16.867469879518072,8.819999999999999,66.60237548834795,6560.237548834796
2025-11-28 05:13:10.126751,Instagram,Conversión,Video,5675,4258,487,385,22,7,14319.18,21247.7,6.784140969162995,11.437294504462189,31.818181818181817,650.8718181818182,1.4838629027639851,48.38629027639851
2025-11-28 13:56:43.068712,TikTok,Reconocimiento,Reel,42850,35857,1192,1703,284,84,4586.47,338295.24,3.9743290548424737,3.324316033131606,29.577464788732392,16.149542253521126,73.75939229952446,7275.939229952446
2025-11-28 22:40:16.010673,Facebook,Captación,Video,14009,9306,907,410,115,20,6039.51,79666.77,2.9266899850096366,9.746400171932088,17.391304347826086,52.51747826086957,13.19093270811705,1219.093270811705
2025-11-29 07:23:48.952635,TikTok,Reconocimiento,Reel,28843,19393,901,823,122,32,1828.75,108640.27,2.85337863606421,4.646006290929717,26.229508196721312,14.989754098360656,59.40684620642516,5840.684620642516
2025-11-29 16:07:21.894596,Facebook,Captación,Artículo,30793,23363,2648,1463,301,39,2127.95,160108.98,4.751079790861559,11.334160852630228,12.956810631229235,7.069601328903654,75.2409502102963,7424.0950210296305
2025-11-30 00:50:54.836557,Instagram,Captación,Reel,40516,26172,2407,1678,411,32,11037.74,70525.0,4.141573699279297,9.1968515971267,7.785888077858881,26.85581508515815,6.389442041577352,538.9442041577352
2025-11-30 09:34:27.778519,Web,Reconocimiento,Video,39871,22300,2127,1627,400,62,14192.82,279077.38,4.080660128915754,9.538116591928251,15.5,35.48205,19.663279038274283,1866.3279038274281
2025-11-30 18:18:00.720480,TikTok,Reconocimiento,Video,18857,15223,637,308,55,9,9355.85,30443.6,1.6333457071644482,4.184457728437233,16.363636363636363,170.10636363636365,3.253964097329478,225.3964097329478
2025-12-01 03:01:33.662441,Instagram,Interacción,Reel,20627,15861,1019,1243,328,18,10879.83,76570.68,6.026082319290251,6.4245633944896285,5.487804878048781,33.17021341463415,7.037856290033943,603.7856290033943
2025-12-01 11:45:06.604402,Web,Interacción,Video,19565,14737,1205,488,72,21,11548.56,64981.82,2.494249936110401,8.176698106805999,29.166666666666668,160.39666666666665,5.626833128978851,462.6833128978851
2025-12-01 20:28:39.546364,Facebook,Interacción,Video,27025,21879,2122,642,174,27,4310.81,46370.9,2.375578168362627,9.698797934092052,15.517241379310345,24.77477011494253,10.756887916656034,975.6887916656034
2025-12-02 05:12:12.488325,Web,Captación,Imagen,28832,22671,689,1121,123,27,1155.83,83109.31,3.888041065482797,3.0391248731860085,21.951219512195124,9.396991869918699,71.9044409645017,7090.44409645017
2025-12-02 13:55:45.430286,TikTok,Reconocimiento,Reel,45116,28064,3262,1170,140,10,527.15,23586.69,2.5933150101959392,11.623432155074116,7.142857142857142,3.765357142857143,44.74379208953808,4374.379208953807
2025-12-02 22:39:18.372248,Facebook,Conversión,Reel,10782,7260,791,548,34,3,5584.41,11188.49,5.082544982378037,10.895316804407713,8.823529411764707,164.24735294117647,2.0035223058478873,100.35223058478873
2025-12-03 07:22:51.314209,Instagram,Captación,Artículo,39650,23557,1108,1427,355,112,4001.23,313413.4,3.598991172761665,4.703485163645626,31.549295774647888,11.271070422535212,78.32926375139645,7732.926375139646
2025-12-03 16:06:24.256170,Instagram,Conversión,Video,23366,13913,1422,967,149,34,1403.61,146596.91,4.138491825729693,10.220656939552935,22.818791946308725,9.420201342281878,104.44276544054262,10344.27654405426
2025-12-04 00:49:57.198132,Facebook,Reconocimiento,Artículo,29557,23251,1670,1406,150,50,3103.16,182395.23,4.756910376560544,7.182486774762376,33.33333333333333,20.687733333333334,58.77725608734323,5777.725608734323
2025-12-04 09:33:30.140093,TikTok,Captación,Reel,6798,5781,382,164,17,5,2305.23,18375.43,2.4124742571344515,6.607853312575679,29.411764705882355,135.60176470588235,7.971191594764948,697.1191594764948
2025-12-04 18:17:03.082054,Instagram,Conversión,Artículo,10627,9425,484,222,61,9,13765.74,15408.47,2.0890185376870236,5.135278514588859,14.754098360655737,225.667868852459,1.1193346670792852,11.93346670792852
2025-12-05 03:00:36.024016,Instagram,Conversión,Imagen,42183,32477,2536,3021,780,108,2533.87,532855.69,7.1616527985207314,7.808603011361886,13.846153846153847,3.248551282051282,210.29322340925145,20929.322340925144
2025-12-05 11:44:08.965977,TikTok,Interacción,Imagen,13466,8273,769,543,102,31,8295.9,134386.11,4.032377840487153,9.295297957210202,30.392156862745097,81.33235294117647,16.199099555201965,1519.9099555201967
2025-12-05 20:27:41.907938,Web,Interacción,Artículo,43614,25600,1563,1694,345,120,9100.04,493658.46,3.884073921217958,6.10546875,34.78260869565217,26.376927536231886,54.24794396508147,5324.794396508147
2025-12-06 05:11:14.849899,Facebook,Interacción,Reel,13720,11449,949,171,28,6,8380.6,13121.42,1.2463556851311954,8.288933531312779,21.428571428571427,299.3071428571429,1.565689807412357,56.568980741235706
2025-12-06 13:54:47.791861,Instagram,Captación,Artículo,42913,32294,2904,1925,284,81,1936.32,247021.89,4.485820147740778,8.992382485910696,28.52112676056338,6.8180281690140845,127.57286502231037,12657.286502231036
2025-12-06 22:38:20.733822,Instagram,Reconocimiento,Reel,38292,29346,2673,1868,520,147,5122.58,202247.51,4.8783035621017445,9.108566755264771,28.26923076923077,9.851115384615385,39.48157178609217,3848.1571786092168
2025-12-07 07:21:53.675783,Instagram,Reconocimiento,Reel,7559,6224,156,371,30,4,1243.42,12246.4,4.908056621246196,2.506426735218509,13.333333333333334,41.44733333333333,9.84896495150472,884.8964951504721
2025-12-07 16:05:26.617745,Web,Interacción,Reel,41388,32950,3491,2462,380,84,6237.21,118669.73,5.9485841306658935,10.5948406676783,22.105263157894736,16.41371052631579,19.026091794247748,1802.6091794247748
2025-12-08 00:48:59.559706,Instagram,Interacción,Reel,20158,16974,1117,452,61,18,3234.68,56209.66,2.2422859410655818,6.58065276304937,29.508196721311474,53.027540983606556,17.377193416350305,1637.7193416350306
2025-12-08 09:32:32.501667,TikTok,Interacción,Video,31916,18181,840,882,153,39,8643.67,137460.64,2.763504198521118,4.620207909355921,25.49019607843137,56.49457516339869,15.903041185052183,1490.3041185052184
2025-12-08 18:16:05.443629,Instagram,Conversión,Reel,23057,18713,826,1539,253,14,10545.72,34143.52,6.674762544997181,4.414043712926842,5.533596837944664,41.68268774703557,3.2376660863364473,223.76660863364472
2025-12-09 02:59:38.385590,TikTok,Interacción,Reel,36892,31276,2136,2814,505,76,8215.74,219935.53,7.627669955545918,6.829517841156157,15.049504950495049,16.26879207920792,26.770020716332308,2577.002071633231
2025-12-09 11:43:11.327551,TikTok,Conversión,Imagen,42439,27591,2998,828,70,6,6796.43,26866.47,1.9510356040434507,10.865862056467689,8.571428571428571,97.09185714285715,3.9530268096633083,295.30268096633085
2025-12-09 20:26:44.269513,TikTok,Reconocimiento,Imagen,12706,9836,568,569,101,12,6116.33,15071.58,4.478199275932631,5.774705164701098,11.881188118811881,60.557722772277224,2.464154157803781,146.4154157803781
2025-12-10 05:10:17.211474,Instagram,Captación,Reel,13070,8625,819,326,36,11,12704.53,45378.06,2.4942616679418514,9.495652173913044,30.555555555555557,352.9036111111111,3.5718015542487596,257.180155424876
2025-12-10 13:53:50.153435,Instagram,Captación,Reel,41902,37095,1101,595,57,3,3680.84,4551.51,1.4199799532241897,2.9680549939344925,5.263157894736842,64.5761403508772,1.236541115614914,23.6541115614914
2025-12-10 22:37:23.095396,Instagram,Captación,Reel,1924,1080,73,63,4,0,11146.17,0.0,3.2744282744282747,6.7592592592592595,0.0,2786.5425,0.0,-100.0
2025-12-11 07:20:56.037358,Web,Captación,Video,27478,20688,2465,551,132,18,11483.49,28429.44,2.0052405560812288,11.915119876256767,13.636363636363635,86.99613636363637,2.4756794319496946,147.56794319496944
2025-12-11 16:04:28.979319,Web,Conversión,Video,6506,3957,384,388,60,14,6578.4,56184.54,5.963725791577006,9.704321455648218,23.333333333333332,109.64,8.540760671287853,754.0760671287852
2025-12-12 00:48:01.921280,TikTok,Conversión,Reel,47418,37900,1555,2245,463,97,4810.86,242648.36,4.734489012611244,4.102902374670184,20.950323974082075,10.390626349892008,50.43762653662755,4943.762653662755
2025-12-12 09:31:34.863242,TikTok,Interacción,Reel,36163,22115,1551,725,168,19,7322.85,84827.14,2.0048115477145148,7.013339362423694,11.30952380952381,43.58839285714286,11.583896980000956,1058.3896980000954
2025-12-12 18:15:07.805203,TikTok,Conversión,Artículo,25604,16191,702,272,59,5,1851.6,15018.86,1.062334010310889,4.33574207893274,8.47457627118644,31.383050847457625,8.111287535104776,711.1287535104775
2025-12-13 02:58:40.747164,Instagram,Interacción,Reel,16310,11792,718,1085,181,21,1165.99,18762.48,6.652360515021459,6.08887381275441,11.602209944751381,6.441933701657459,16.091458760366727,1509.1458760366725
2025-12-13 11:42:13.689126,Web,Interacción,Reel,9226,8028,786,206,30,6,2118.25,22861.18,2.2328202904834162,9.790732436472346,20.0,70.60833333333333,10.792484362091349,979.2484362091349
2025-12-13 20:25:46.631087,Facebook,Captación,Reel,12781,7976,774,670,96,12,3213.6,15155.74,5.2421563257961035,9.704112337011033,12.5,33.475,4.716125217824247,371.6125217824247
2025-12-14 05:09:19.573048,Facebook,Conversión,Video,6515,3912,167,218,45,15,7810.56,61730.92,3.346124328472755,4.268916155419223,33.33333333333333,173.568,7.903520362176335,690.3520362176336
2025-12-14 13:52:52.515010,Facebook,Conversión,Reel,37133,30287,3398,1893,328,62,12812.48,93373.9,5.09789136347723,11.219335028229933,18.902439024390244,39.062439024390244,7.287730400359649,628.7730400359649
2025-12-14 22:36:25.456971,Instagram,Interacción,Imagen,17972,13033,1032,576,151,10,3916.81,22508.75,3.2049855330514134,7.918361083403667,6.622516556291391,25.93913907284768,5.746704588683138,474.67045886831374
2025-12-15 07:19:58.398932,Instagram,Interacción,Reel,33092,28761,1667,532,142,38,14059.85,151898.92,1.6076393085942224,5.796043253016237,26.76056338028169,99.01302816901409,10.803736881972426,980.3736881972425
2025-12-15 16:03:31.340893,TikTok,Reconocimiento,Reel,12410,7462,523,317,29,4,14346.16,19231.09,2.5543916196615633,7.008844813722863,13.793103448275861,494.6951724137931,1.340504357960597,34.050435796059716
2025-12-16 00:47:04.282855,Instagram,Reconocimiento,Artículo,20522,15926,1282,475,39,9,14404.12,21240.2,2.3145892213234576,8.049730001255808,23.076923076923077,369.33641025641026,1.4745919917356978,47.459199173569786
2025-12-16 09:30:37.224816,TikTok,Interacción,Artículo,10095,6375,484,403,83,11,12644.66,47118.29,3.9920752847944523,7.592156862745098,13.253012048192772,152.34530120481926,3.7263390237459926,272.63390237459924
2025-12-16 18:14:10.166777,Instagram,Reconocimiento,Imagen,24047,14545,998,1348,168,37,5775.46,59249.12,5.605688859317171,6.8614644207631486,22.023809523809522,34.377738095238094,10.258770729950514,925.8770729950517
2025-12-17 02:57:43.108739,Facebook,Reconocimiento,Reel,21470,16944,1194,611,33,9,1553.92,37711.4,2.845831392640894,7.046742209631727,27.27272727272727,47.08848484848485,24.268559514003293,2326.8559514003296
2025-12-17 11:41:16.050700,Instagram,Interacción,Imagen,44129,33440,1258,478,130,42,8747.87,149581.95,1.0831879263069637,3.7619617224880386,32.30769230769231,67.2913076923077,17.099242444160694,1609.9242444160695
2025-12-17 20:24:48.992661,Facebook,Interacción,Video,9531,7760,785,441,47,6,8600.88,9657.14,4.627006610009444,10.1159793814433,12.76595744680851,182.99744680851063,1.1228083637953326,12.28083637953326
2025-12-18 05:08:21.934623,TikTok,Conversión,Reel,38038,25040,1857,1993,562,84,12824.65,173923.4,5.239497344760503,7.416134185303515,14.94661921708185,22.819661921708185,13.561648855914196,1256.1648855914195
2025-12-18 13:51:54.876584,Instagram,Interacción,Video,23403,16541,547,1811,415,78,14941.87,105568.14,7.738324146476947,3.306934284505169,18.795180722891565,36.004506024096386,7.065256222949336,606.5256222949336
2025-12-18 22:35:27.818545,TikTok,Interacción,Reel,43674,30218,2919,2238,538,176,7868.28,423889.21,5.124330265146311,9.659805413991661,32.71375464684015,14.625055762081784,53.873173044172304,5287.31730441723
2025-12-19 07:19:00.760507,Facebook,Captación,Reel,30122,26942,3051,1294,129,41,5505.46,67868.3,4.2958634884801805,11.32432633063618,31.782945736434108,42.67798449612403,12.327453110185163,1132.7453110185163
2025-12-19 16:02:33.702468,TikTok,Conversión,Video,17940,11702,1342,899,97,7,3195.57,24533.54,5.011148272017837,11.468125106819347,7.216494845360824,32.9440206185567,7.677359594688897,667.7359594688897
2025-12-20 00:46:06.644429,Web,Conversión,Artículo,30831,20138,1145,2310,416,37,569.6,184146.09,7.492458888780773,5.685768199423975,8.89423076923077,1.3692307692307693,323.2901860955056,32229.01860955056
2025-12-20 09:29:39.586390,TikTok,Conversión,Artículo,12279,8277,277,834,77,15,7882.15,12756.58,6.792084045932079,3.3466231726470945,19.480519480519483,102.36558441558441,1.6184137576676416,61.84137576676415
2025-12-20 18:13:12.528352,Instagram,Captación,Imagen,39220,29321,2106,1278,161,13,8555.02,39934.22,3.2585415604283527,7.182565396814569,8.074534161490684,53.136770186335404,4.667928304083451,366.792830408345
2025-12-21 02:56:45.470313,Instagram,Interacción,Reel,7477,4772,149,198,25,3,12461.61,9628.2,2.648120904105925,3.1223805532271585,12.0,498.4644,0.7726288978711419,-22.737110212885813
2025-12-21 11:40:18.412274,Instagram,Conversión,Artículo,18400,16014,1815,522,46,4,7816.37,18558.71,2.8369565217391304,11.33383289621581,8.695652173913043,169.92108695652175,2.374338727567912,137.4338727567912
2025-12-21 20:23:51.354236,TikTok,Conversión,Video,7470,4803,184,338,34,8,13788.79,23401.78,4.524765729585007,3.830938996460546,23.52941176470588,405.55264705882354,1.6971597942966712,69.71597942966712
2025-12-22 05:07:24.296197,Instagram,Reconocimiento,Imagen,3062,2644,119,190,46,15,9607.21,46253.19,6.2050947093403,4.500756429652043,32.608695652173914,208.8523913043478,4.814424791380641,381.4424791380641
2025-12-22 13:50:57.238158,Facebook,Conversión,Video,42798,25088,1521,1935,177,61,12684.88,169637.45,4.521239310248142,6.06265943877551,34.463276836158194,71.66598870056497,13.373201007814028,1237.3201007814027
2025-12-22 22:34:30.180120,TikTok,Interacción,Imagen,20880,16282,949,307,17,2,2650.38,3858.8,1.4703065134099615,5.828522294558408,11.76470588235294,155.90470588235294,1.455942166783631,45.594216678363104
2025-12-23 07:18:03.122081,Facebook,Interacción,Reel,35581,30864,3069,2158,447,102,12902.37,105602.88,6.065034709535988,9.94362363919129,22.818791946308725,28.864362416107383,8.184766054608572,718.4766054608573
2025-12-23 16:01:36.064042,TikTok,Reconocimiento,Artículo,45439,27675,1816,3017,886,271,10289.59,681934.17,6.6396707674024515,6.561878952122854,30.58690744920993,11.613532731376976,66.27418293634635,6527.418293634635
2025-12-24 00:45:09.006004,Instagram,Conversión,Artículo,15308,13607,504,463,61,5,2968.38,5104.42,3.0245623203553698,3.70397589476005,8.19672131147541,48.66196721311476,1.7195978951481952,71.95978951481953
2025-12-24 09:28:41.947965,Instagram,Conversión,Video,27027,19148,894,1526,121,31,3251.57,96474.12,5.646205646205646,4.668894923751828,25.6198347107438,26.872479338842975,29.670011717416507,2867.0011717416505
2025-12-24 18:12:14.889926,TikTok,Conversión,Reel,31720,27945,1981,1264,243,41,13934.26,85715.97,3.9848675914249685,7.088924673465737,16.872427983539097,57.342633744855966,6.151454759707368,515.1454759707369
2025-12-25 02:55:47.831887,Facebook,Captación,Artículo,36081,28391,986,2606,720,80,967.12,243290.41,7.222637953493528,3.472931562819203,11.11111111111111,1.3432222222222223,251.56176069153776,25056.176069153775
2025-12-25 11:39:20.773849,TikTok,Conversión,Reel,10706,7018,569,740,182,31,7206.76,42285.46,6.912011955912573,8.10772299800513,17.032967032967033,39.597582417582416,5.867471651615983,486.7471651615983
2025-12-25 20:22:53.715810,Facebook,Interacción,Artículo,10837,6674,511,506,104,7,5045.39,33019.32,4.669188889914183,7.6565777644590955,6.730769230769231,48.51336538461539,6.544453451566677,554.4453451566677
2025-12-26 05:06:26.657771,Instagram,Interacción,Reel,39599,25989,2377,2312,297,76,10143.62,346331.18,5.838531276042324,9.14617722882758,25.589225589225588,34.15360269360269,34.1427596853983,3314.2759685398305
2025-12-26 13:49:59.599733,TikTok,Captación,Reel,37824,22034,2506,2717,503,63,12674.63,100673.08,7.183269881556684,11.373332123082509,12.524850894632205,25.198071570576538,7.9428811728626405,694.288117286264
2025-12-26 22:33:32.541694,TikTok,Captación,Reel,34073,20455,2275,1523,110,15,5725.48,33636.99,4.46981480937986,11.121975067220728,13.636363636363635,52.049818181818175,5.874964195141717,487.49641951417175
2025-12-27 07:17:05.483655,TikTok,Conversión,Video,48115,28225,3234,1536,337,29,6690.08,97923.42,3.1923516574872703,11.45792736935341,8.605341246290802,19.85186943620178,14.637107478535384,1363.7107478535384
2025-12-27 16:00:38.425617,Instagram,Reconocimiento,Imagen,33088,23096,1027,2076,480,148,14737.81,177878.55,6.274177949709865,4.446657429857984,30.833333333333336,30.703770833333333,12.069537468592687,1106.9537468592687
2025-12-28 00:44:11.367578,TikTok,Captación,Reel,29112,24117,799,739,215,42,11866.79,96145.76,2.5384721077219017,3.3130157150557697,19.53488372093023,55.19437209302326,8.102086579437236,710.2086579437236
2025-12-28 09:27:44.309539,Facebook,Captación,Reel,27299,16365,821,1015,116,25,13509.46,46366.79,3.718084911535221,5.016804155209289,21.551724137931032,116.46086206896551,3.432171974305413,243.21719743054132
2025-12-28 18:11:17.251501,Instagram,Conversión,Reel,35457,21118,2312,2503,136,30,6862.05,139355.11,7.059254872098599,10.948006440003788,22.058823529411764,50.456250000000004,20.308087233406923,1930.8087233406927
2025-12-29 02:54:50.193462,Web,Conversión,Reel,31063,24080,2822,1885,351,60,3894.1,262832.68,6.068312783697646,11.719269102990033,17.094017094017094,11.094301994301993,67.4951028478981,6649.51028478981
2025-12-29 11:38:23.135423,Instagram,Captación,Artículo,4917,3043,322,188,42,4,6472.02,12941.19,3.8234695952816757,10.581662832730858,9.523809523809524,154.0957142857143,1.9995596428935634,99.95596428935633
2025-12-29 20:21:56.077384,Web,Reconocimiento,Artículo,3936,2299,71,98,24,6,10883.33,17912.73,2.4898373983739837,3.088299260548064,25.0,453.47208333333333,1.6458868746973583,64.58868746973582
2025-12-30 05:05:29.019346,Facebook,Captación,Reel,37630,22893,2626,1313,129,11,2086.74,51799.53,3.4892373106563914,11.470755252697332,8.527131782945736,16.17627906976744,24.82318353029127,2382.318353029127
2025-12-30 13:49:01.961307,Instagram,Conversión,Imagen,15506,13541,844,463,53,4,4421.8,18864.79,2.985940926093125,6.232922236171627,7.547169811320755,83.43018867924529,4.266314623004207,326.6314623004207
2025-12-30 22:32:34.903268,Facebook,Conversión,Imagen,29805,24962,522,665,118,31,1176.22,151006.78,2.2311692669015266,2.0911785914590175,26.27118644067797,9.967966101694916,128.38310860213224,12738.310860213225
2025-12-31 07:16:07.845230,Web,Captación,Reel,15318,10323,663,950,126,14,6769.04,18572.28,6.201854027940985,6.422551583841907,11.11111111111111,53.72253968253968,2.7437095954522355,174.3709595452235
2025-12-31 15:59:40.787191,TikTok,Reconocimiento,Artículo,49068,38250,941,1356,359,50,12497.96,73717.14,2.763511861090731,2.4601307189542485,13.92757660167131,34.81325905292479,5.898333808077479,489.83338080774786
2026-01-01 00:43:13.729152,TikTok,Captación,Video,27026,19946,1483,1129,190,36,857.62,131122.59,4.1774587434322505,7.4350747016945755,18.947368421052634,4.51378947368421,152.89124553998275,15189.124553998276
2026-01-01 09:26:46.671114,TikTok,Captación,Video,28672,22564,1215,1061,265,48,10292.19,147553.19,3.7004743303571432,5.384683566743485,18.11320754716981,38.83845283018868,14.336423054762882,1333.6423054762881
2026-01-01 18:10:19.613075,TikTok,Conversión,Artículo,39417,31097,2094,3103,605,158,14021.19,138653.97,7.872237866910216,6.7337685307264366,26.115702479338843,23.175520661157027,9.888887462476438,888.8887462476437
2026-01-02 02:53:52.555036,TikTok,Reconocimiento,Reel,28281,21777,1770,1057,257,60,3935.45,63617.71,3.7374916021357096,8.127841300454609,23.346303501945524,15.313035019455253,16.16529494721061,1516.5294947210614
2026-01-02 11:37:25.496997,Instagram,Interacción,Imagen,49442,31797,3398,771,102,24,10557.71,108718.5,1.5594029367744022,10.686542755605876,23.52941176470588,103.50696078431372,10.297545585169512,929.7545585169512
2026-01-02 20:20:58.438959,Facebook,Reconocimiento,Artículo,29091,16397,1413,473,121,31,14638.98,137926.98,1.6259324189611908,8.617430017686162,25.6198347107438,120.98330578512396,9.421898247009015,842.1898247009015
2026-01-03 05:04:31.380920,Instagram,Captación,Video,39328,27901,1769,2019,239,32,14453.03,73617.21,5.133746948738812,6.340274542131106,13.389121338912133,60.47292887029289,5.093548550027227,409.3548550027227
2026-01-03 13:48:04.322881,Web,Captación,Artículo,49219,42418,4324,2557,476,69,3906.47,313426.47,5.195148215120177,10.193785657032391,14.495798319327733,8.206869747899159,80.23265761672302,7923.265761672303
2026-01-03 22:31:37.264843,Web,Captación,Reel,19610,14694,1624,770,79,14,1954.8,46108.09,3.926568077511474,11.052130121137878,17.72151898734177,24.744303797468355,23.58711377122979,2258.7113771229792
2026-01-04 07:15:10.206804,Instagram,Reconocimiento,Reel,2079,1749,55,83,14,1,2650.1,4184.8,3.9923039923039925,3.1446540880503147,7.142857142857142,189.29285714285714,1.579110222255764,57.9110222255764
2026-01-04 15:58:43.148765,TikTok,Conversión,Imagen,30850,27674,2025,424,54,18,10679.52,46713.79,1.3743922204213939,7.317337573173376,33.33333333333333,197.7688888888889,4.374146965406685,337.41469654066856
2026-01-05 00:42:16.090727,Web,Captación,Artículo,47751,28997,1404,2204,257,75,11023.5,95720.47,4.615610144290172,4.841880194502879,29.18287937743191,42.89299610894942,8.683310200934368,768.3310200934368
2026-01-05 09:25:49.032688,Instagram,Captación,Video,21590,17101,422,978,285,28,10276.43,73406.3,4.5298749421028255,2.467691947839308,9.824561403508772,36.05764912280702,7.143171315330324,614.3171315330325
2026-01-05 18:09:21.974649,TikTok,Reconocimiento,Reel,31951,25113,2181,653,58,2,5373.14,5441.32,2.0437544990767114,8.684744952813283,3.4482758620689653,92.64034482758622,1.0126890421615664,1.2689042161566493
2026-01-06 02:52:54.916611,Web,Interacción,Imagen,16327,14579,1549,281,69,4,2961.77,12455.86,1.7210755190788265,10.624871390355992,5.797101449275362,42.924202898550725,4.2055460079614555,320.55460079614556
2026-01-06 11:36:27.858572,Instagram,Interacción,Imagen,13755,12310,446,256,75,9,8921.04,11191.03,1.8611414031261357,3.623070674248578,12.0,118.94720000000001,1.2544535166303479,25.4453516630348
2026-01-06 20:20:00.800533,TikTok,Conversión,Imagen,8235,6508,658,140,7,0,7513.37,0.0,1.700060716454159,10.110633066994467,0.0,1073.3385714285714,0.0,-100.0
2026-01-07 05:03:33.742494,Instagram,Conversión,Video,18197,11559,1217,958,215,45,11068.1,82141.86,5.264604055613563,10.528592438792284,20.930232558139537,51.47953488372093,7.421496011058808,642.1496011058808
2026-01-07 13:47:06.684456,Web,Captación,Reel,22473,18641,2077,533,60,18,6899.72,29410.56,2.3717349708539137,11.142106110187221,30.0,114.99533333333333,4.262572973975756,326.25729739757554
2026-01-07 22:30:39.626417,Web,Reconocimiento,Reel,3031,1780,82,83,4,1,5410.28,3012.57,2.7383701748597824,4.606741573033708,25.0,1352.57,0.5568233067419801,-44.31766932580199
2026-01-08 07:14:12.568378,Web,Captación,Imagen,42282,34808,3842,936,141,16,4755.44,48900.39,2.2137079608343977,11.037692484486325,11.347517730496454,33.72652482269503,10.283042158033748,928.3042158033746
2026-01-08 15:57:45.510340,Facebook,Conversión,Reel,42863,37229,1938,3302,937,159,3566.32,420912.29,7.703613839441943,5.20561927529614,16.969050160085377,3.8061045891141942,118.02426310594673,11702.426310594674
2026-01-09 00:41:18.452301,Web,Reconocimiento,Video,15287,10456,786,1067,56,11,4353.32,44461.42,6.979786746909139,7.517214996174445,19.642857142857142,77.73785714285714,10.213221173724882,921.3221173724883
2026-01-09 09:24:51.394262,TikTok,Reconocimiento,Artículo,39679,30581,766,1036,204,59,1875.04,175226.96,2.6109528969984126,2.5048232562702335,28.921568627450984,9.191372549019608,93.45238501578633,9245.238501578631
2026-01-09 18:08:24.336224,Facebook,Conversión,Video,45463,31849,776,1497,262,79,5529.43,265496.95,3.292787541517278,2.436497221262834,30.15267175572519,21.10469465648855,48.01524750290717,4701.524750290717
2026-01-10 02:51:57.278185,TikTok,Interacción,Artículo,33230,23367,2150,820,220,71,1030.26,272621.17,2.467649714113753,9.201009971327085,32.27272727272727,4.683,264.6139518179877,26361.39518179877
2026-01-10 11:35:30.220146,Instagram,Interacción,Imagen,20037,13196,850,890,63,12,3203.0,10861.27,4.441782702001298,6.44134586238254,19.047619047619047,50.84126984126984,3.3909678426475183,239.09678426475182
2026-01-10 20:19:03.162108,TikTok,Reconocimiento,Imagen,28052,22911,1045,319,70,18,11328.17,57540.7,1.1371738200484813,4.56112784252106,25.71428571428571,161.831,5.079434718935185,407.9434718935185
2026-01-11 05:02:36.104069,Instagram,Captación,Reel,4340,3809,148,247,54,4,5219.3,18054.47,5.691244239631336,3.885534260960882,7.4074074074074066,96.65370370370371,3.459174601958117,245.9174601958117
2026-01-11 13:46:09.046030,Instagram,Interacción,Video,41644,36616,3185,1941,421,92,10189.44,80319.01,4.660935548938623,8.698383220450076,21.852731591448933,24.202945368171022,7.882573527102568,688.2573527102568
2026-01-11 22:29:41.987991,Instagram,Captación,Imagen,49664,30353,608,3620,1033,128,10894.82,320225.9,7.2889819587628875,2.0030968932230753,12.39109390125847,10.54677637947725,29.39249111045433,2839.249111045433
2026-01-12 07:13:14.929953,TikTok,Interacción,Imagen,46203,39557,3979,993,253,45,8927.19,211056.99,2.149211090188949,10.05890234345375,17.786561264822133,35.28533596837945,23.642040776548946,2264.2040776548947
2026-01-12 15:56:47.871914,Facebook,Interacción,Imagen,2141,1730,48,141,8,1,14401.12,2283.25,6.585707613264829,2.7745664739884393,12.5,1800.14,0.15854669636806026,-84.14533036319398
2026-01-13 00:40:20.813875,TikTok,Captación,Video,26425,16872,660,1729,290,36,810.88,98159.8,6.543046357615894,3.911806543385491,12.413793103448276,2.7961379310344827,121.05342344119968,12005.342344119968
2026-01-13 09:23:53.755837,Instagram,Conversión,Imagen,20281,11632,681,383,57,3,11210.46,14767.42,1.8884670381144915,5.854539202200825,5.263157894736842,196.67473684210526,1.3172893886602335,31.72893886602335
2026-01-13 18:07:26.697798,Facebook,Interacción,Imagen,43049,27714,1898,1631,208,11,14402.41,18008.76,3.788705893284397,6.84852421158981,5.288461538461538,69.24235576923077,1.2503990651564563,25.039906515645637
2026-01-14 02:50:59.639759,Facebook,Interacción,Imagen,21425,18624,1033,469,76,4,13002.94,4296.29,2.1890315052508753,5.546606529209622,5.263157894736842,171.0913157894737,0.33040912285990703,-66.9590877140093
2026-01-14 11:34:32.581721,TikTok,Captación,Imagen,35806,27628,1438,996,145,7,2934.44,30867.02,2.7816567055800703,5.204864630085421,4.827586206896552,20.23751724137931,10.518879241013618,951.8879241013618
2026-01-14 20:18:05.523682,Facebook,Conversión,Imagen,33113,26568,3092,941,148,12,5238.89,53370.65,2.8417841935191617,11.638060825052694,8.108108108108109,35.39790540540541,10.187396566829996,918.7396566829996
2026-01-15 05:01:38.465643,TikTok,Interacción,Imagen,5270,3372,283,257,75,9,3000.55,25044.54,4.8766603415559775,8.3926453143535,12.0,40.007333333333335,8.346649780873506,734.6649780873506
2026-01-15 13:45:11.407605,Web,Interacción,Video,43814,35129,784,1699,122,14,9218.97,41435.38,3.877755968411923,2.231774317515443,11.475409836065573,75.56532786885245,4.494578027697237,349.4578027697237
2026-01-15 22:28:44.349566,TikTok,Conversión,Reel,5683,3181,200,433,121,41,10826.73,176725.86,7.619215203237727,6.287331027978624,33.88429752066116,89.47710743801653,16.32310586853094,1532.310586853094
2026-01-16 07:12:17.291527,Instagram,Interacción,Video,40884,27856,2994,770,130,18,5097.57,70235.1,1.883377360336562,10.748133256748995,13.846153846153847,39.21207692307692,13.77815312001601,1277.815312001601
2026-01-16 15:55:50.233488,Instagram,Conversión,Reel,30809,23703,1188,2407,495,43,8322.85,82285.91,7.812652147099873,5.012023794456398,8.686868686868687,16.813838383838384,9.886746727383048,888.6746727383047
2026-01-17 00:39:23.175450,Web,Conversión,Reel,35552,21371,629,929,239,51,10518.35,44418.56,2.6130738073807382,2.943240840391184,21.338912133891213,44.009832635983265,4.222958924165862,322.29589241658624
2026-01-17 09:22:56.117411,Instagram,Captación,Video,4786,4010,384,306,42,12,6609.43,33776.89,6.393648140409527,9.576059850374065,28.57142857142857,157.36738095238096,5.110408915746138,411.0408915746138
2026-01-17 18:06:29.059372,Web,Reconocimiento,Reel,22650,14320,1154,763,120,30,12883.23,132222.95,3.3686534216335544,8.058659217877096,25.0,107.36025,10.26318322346182,926.318322346182
2026-01-18 02:50:02.001334,Facebook,Conversión,Video,29706,23120,1780,594,90,12,11687.47,54750.07,1.9995960412037974,7.698961937716263,13.333333333333334,129.86077777777777,4.684509992325114,368.4509992325114
2026-01-18 11:33:34.943295,Web,Captación,Imagen,10190,7049,178,713,102,22,1437.65,105955.3,6.997055937193326,2.525180876720102,21.568627450980394,14.094607843137256,73.70034431189788,7270.03443118979
2026-01-18 20:17:07.885256,TikTok,Reconocimiento,Artículo,39196,29734,1012,1239,348,92,9506.32,413463.24,3.1610368404939275,3.4035111320373983,26.436781609195403,27.317011494252874,43.49351168485807,4249.351168485807
2026-01-19 05:00:40.827218,Web,Interacción,Video,40449,23768,1955,2269,583,156,3912.22,504844.54,5.609532992162971,8.225345001682935,26.758147512864493,6.710497427101201,129.04298326781213,12804.298326781212
2026-01-19 13:44:13.769179,Facebook,Reconocimiento,Artículo,40661,22604,921,2018,155,38,8584.01,101359.05,4.962986645680136,4.074500088479915,24.516129032258064,55.380709677419354,11.807890484750134,1080.7890484750135
2026-01-19 22:27:46.711140,TikTok,Conversión,Reel,30709,26666,1877,1321,101,31,14374.88,125685.45,4.301670520042984,7.038925973149329,30.693069306930692,142.32554455445543,8.743408640628653,774.3408640628652
2026-01-20 07:11:19.653102,Facebook,Conversión,Reel,46429,29917,2228,2075,325,101,13246.4,394632.34,4.469189515173706,7.447270782498245,31.076923076923073,40.758153846153846,29.791667169948063,2879.1667169948064
2026-01-20 15:54:52.595063,Facebook,Conversión,Video,15892,13299,643,973,72,16,6365.49,48963.24,6.1225773974326705,4.834949996240319,22.22222222222222,88.40958333333333,7.691982863848659,669.1982863848659
2026-01-21 00:38:25.537024,TikTok,Conversión,Reel,10643,9576,1099,171,35,6,4726.95,7000.65,1.6066898430893546,11.476608187134502,17.142857142857142,135.0557142857143,1.4810078380350966,48.100783803509664
2026-01-21 09:21:58.478985,Web,Conversión,Imagen,10943,6828,711,621,53,12,3898.88,56274.5,5.674860641505985,10.413005272407732,22.641509433962266,73.56377358490566,14.433503980630334,1343.3503980630337
2026-01-21 18:05:31.420947,Web,Captación,Imagen,44240,28437,2622,3216,580,171,8221.47,464013.74,7.269439421338156,9.220381896824561,29.48275862068965,14.174948275862068,56.43926694374607,5543.926694374608
2026-01-22 02:49:04.362908,TikTok,Conversión,Video,46760,36566,1016,656,33,1,2156.6,2326.0,1.4029084687767324,2.7785374391511244,3.0303030303030303,65.35151515151514,1.0785495687656497,7.854956876564969
2026-01-22 11:32:37.304869,Facebook,Captación,Video,22042,19571,599,437,56,19,8464.49,65439.48,1.9825787133653932,3.060650963159777,33.92857142857143,151.15160714285713,7.731059992982448,673.1059992982448
2026-01-22 20:16:10.246831,Facebook,Interacción,Reel,44894,39081,2707,2701,592,62,519.34,225067.41,6.016394172940704,6.926639543512193,10.472972972972974,0.8772635135135136,433.37199137366656,43237.19913736665
2026-01-23 04:59:43.188792,TikTok,Conversión,Reel,7869,5712,206,319,54,10,5195.82,16848.89,4.053882323039777,3.606442577030812,18.51851851851852,96.21888888888888,3.2427778483473255,224.27778483473256
2026-01-23 13:43:16.130753,Instagram,Conversión,Video,41437,34321,4043,1584,466,145,3689.05,625695.76,3.8226705601274222,11.77995979138137,31.115879828326182,7.916416309012876,169.60891286374542,16860.89128637454
2026-01-23 22:26:49.072715,Instagram,Reconocimiento,Reel,45306,27070,970,887,238,27,14582.67,54478.87,1.9577980841389662,3.5833025489471737,11.344537815126051,61.27172268907563,3.735863871293803,273.5863871293803
2026-01-24 07:10:22.014676,Facebook,Interacción,Imagen,43833,39103,2688,1993,278,53,11045.01,83955.84,4.546802637282413,6.874152878295783,19.06474820143885,39.73025179856115,7.601246173611432,660.1246173611431
2026-01-24 15:53:54.956637,Instagram,Conversión,Artículo,21918,19452,1097,413,25,2,5569.97,5013.76,1.8842960124098913,5.639522928233601,8.0,222.7988,0.900141293400144,-9.985870659985602
2026-01-25 00:37:27.898599,Instagram,Conversión,Reel,29379,17842,1497,1273,332,55,1846.25,212759.38,4.333026992069165,8.390314987109068,16.566265060240966,5.560993975903615,115.23866215301287,11423.866215301287
2026-01-25 09:21:00.840560,Instagram,Interacción,Artículo,43939,28771,946,2788,774,79,7993.61,383539.02,6.345160335920252,3.2880330888742133,10.20671834625323,10.327661498708009,47.98070208579103,4698.070208579103
2026-01-25 18:04:33.782521,Instagram,Captación,Reel,26274,15371,968,737,188,29,3594.99,121770.46,2.8050544264291695,6.297573352416889,15.425531914893616,19.122287234042552,33.872266682243904,3287.2266682243903
2026-01-26 02:48:06.724482,Instagram,Conversión,Reel,18696,12060,572,816,66,10,8278.23,47494.63,4.364569961489089,4.742951907131012,15.151515151515152,125.42772727272727,5.737292875409357,473.7292875409357
2026-01-26 11:31:39.666444,Web,Reconocimiento,Video,3962,3310,360,314,94,32,12612.75,44497.42,7.9252902574457345,10.876132930513595,34.04255319148936,134.1781914893617,3.5279712988840655,252.79712988840654
2026-01-26 20:15:12.608405,Facebook,Conversión,Imagen,14851,10134,243,862,98,34,9428.99,37364.05,5.80432294121608,2.3978685612788633,34.69387755102041,96.21418367346939,3.962677868997634,296.26778689976345
2026-01-27 04:58:45.550366,Facebook,Reconocimiento,Artículo,46747,27157,3024,3220,743,62,9689.93,194826.32,6.888142554602434,11.135250579960967,8.344549125168237,13.041628532974428,20.106060621696958,1910.6060621696959
2026-01-27 13:42:18.492328,TikTok,Reconocimiento,Imagen,6296,4216,435,245,67,17,8344.94,34327.24,3.89135959339263,10.317836812144213,25.37313432835821,124.5513432835821,4.113539462236996,311.35394622369955
2026-01-27 22:25:51.434289,Instagram,Conversión,Reel,15745,14067,699,1003,109,7,13945.35,29944.82,6.370276278183551,4.969076562166774,6.422018348623854,127.93899082568808,2.147297844801314,114.72978448013136
2026-01-28 07:09:24.376250,Web,Conversión,Imagen,6730,5184,512,86,23,1,14012.59,3622.35,1.2778603268945021,9.876543209876543,4.3478260869565215,609.2430434782609,0.25850681422920385,-74.14931857707961
2026-01-28 15:52:57.318212,TikTok,Reconocimiento,Video,14921,10379,239,277,35,2,7934.49,9754.12,1.8564439380738558,2.3027266596011176,5.714285714285714,226.6997142857143,1.2293316898754678,22.933168987546786
2026-01-29 00:36:30.260173,Instagram,Interacción,Artículo,33894,20617,2405,820,241,81,4933.51,151480.36,2.4193072520210066,11.665130717369161,33.60995850622407,20.47099585062241,30.70437882967704,2970.437882967704
2026-01-29 09:20:03.202134,Facebook,Interacción,Reel,6602,5909,429,251,30,9,7164.01,25562.64,3.8018782187215994,7.260111694026062,30.0,238.80033333333333,3.568202724451808,256.82027244518076
2026-01-29 18:03:36.144096,Web,Conversión,Reel,18575,15552,782,1285,370,40,3205.09,116208.4,6.917900403768506,5.028292181069959,10.81081081081081,8.662405405405405,36.257452988839624,3525.7452988839623
2026-01-30 02:47:09.086057,Web,Captación,Reel,20023,12985,730,685,43,4,9726.99,7218.17,3.4210657743594863,5.62187139006546,9.30232558139535,226.20906976744186,0.742076428576569,-25.792357142343107
2026-01-30 11:30:42.028018,Facebook,Interacción,Imagen,46349,26628,709,2587,588,71,7751.34,232765.85,5.5815659453278395,2.6626107856391767,12.074829931972788,13.182551020408164,30.02911109562992,2902.911109562992
2026-01-30 20:14:14.969979,TikTok,Conversión,Video,16997,9685,1151,1013,185,37,1997.86,98486.64,5.959875272106842,11.88435725348477,20.0,10.799243243243243,49.29606679146687,4829.606679146687
2026-01-31 04:57:47.911941,Instagram,Interacción,Imagen,18750,11102,265,956,162,35,3365.89,93668.07,5.0986666666666665,2.3869573049900916,21.604938271604937,20.777098765432097,27.828618879404857,2682.8618879404858
2026-01-31 13:41:20.853902,Web,Captación,Video,42979,32374,2767,1504,159,18,7454.66,41822.89,3.499383419809674,8.546982146166677,11.320754716981133,46.88465408805031,5.610301475855371,461.03014758553707
2026-01-31 22:24:53.795863,Instagram,Conversión,Imagen,23837,20858,1340,1201,271,75,13370.04,65332.75,5.038385702898855,6.4243935180746,27.67527675276753,49.3359409594096,4.886503705299311,388.6503705299311
2026-02-01 07:08:26.737825,Web,Captación,Imagen,15997,11579,1330,543,53,7,8712.67,20949.6,3.3943864474588983,11.486311425857156,13.20754716981132,164.39000000000001,2.4044982766476863,140.44982766476866
2026-02-01 15:51:59.679786,TikTok,Conversión,Imagen,40439,34172,1524,641,120,39,10382.26,86113.6,1.5851034892059646,4.459791642280229,32.5,86.51883333333333,8.294302011315455,729.4302011315456
2026-02-02 00:35:32.621747,TikTok,Captación,Reel,24067,16992,1243,1913,216,53,5415.91,42693.8,7.9486433705904345,7.31520715630885,24.537037037037038,25.073657407407406,7.883033506834494,688.3033506834494
2026-02-02 09:19:05.563709,Facebook,Interacción,Reel,46039,36739,2506,870,251,45,8785.47,94201.36,1.8897022089967204,6.821089305642506,17.928286852589643,35.00187250996016,10.722404151399983,972.2404151399983
2026-02-02 18:02:38.505670,Instagram,Interacción,Video,21923,17673,1595,330,18,5,6987.01,9851.19,1.5052684395383844,9.025066485599503,27.77777777777778,388.1672222222222,1.4099292830552697,40.99292830552697
2026-02-03 02:46:11.447631,Instagram,Captación,Imagen,9876,6033,161,706,70,20,10057.38,49049.64,7.148643175374645,2.6686557268357367,28.57142857142857,143.67685714285713,4.876979889394653,387.6979889394654
2026-02-03 11:29:44.389593,Instagram,Captación,Reel,3887,2629,103,120,13,1,1233.35,1353.78,3.0872137895549265,3.917839482693039,7.6923076923076925,94.87307692307692,1.0976446264239672,9.76446264239673
2026-02-03 20:13:17.331554,Instagram,Captación,Reel,43422,33567,1391,2410,369,56,7652.85,164207.24,5.5501819354244395,4.143950904161826,15.176151761517614,20.739430894308946,21.457004906668754,2045.7004906668753
2026-02-04 04:56:50.273515,TikTok,Conversión,Reel,37854,21756,2041,1250,135,44,4791.89,163162.98,3.302160934115285,9.38132009560581,32.592592592592595,35.495481481481484,34.049817504158064,3304.9817504158063
2026-02-04 13:40:23.215476,Facebook,Interacción,Video,37948,25673,999,1419,245,24,5229.68,82722.71,3.7393275007905555,3.8912476142250614,9.795918367346939,21.345632653061227,15.817929586513898,1481.7929586513897
2026-02-04 22:23:56.157438,Instagram,Conversión,Imagen,3841,2831,218,108,28,1,14433.3,4175.77,2.8117677688102054,7.700459201695514,3.571428571428571,515.475,0.28931498687063945,-71.06850131293605
2026-02-05 07:07:29.099399,Web,Interacción,Video,29756,26741,1110,1012,230,42,3149.07,113334.26,3.4009947573598605,4.150929284619124,18.26086956521739,13.691608695652175,35.989755705652776,3498.9755705652774
2026-02-05 15:51:02.041360,Web,Reconocimiento,Imagen,7040,5041,535,272,53,15,5013.06,44702.78,3.8636363636363633,10.612973616345963,28.30188679245283,94.58603773584906,8.917264106154724,791.7264106154723
2026-02-06 00:34:34.983322,Web,Conversión,Reel,11304,9445,1078,683,49,13,7893.44,54647.95,6.04210898796886,11.413446267866597,26.53061224489796,161.09061224489795,6.923210919447034,592.3210919447034
2026-02-06 09:18:07.925283,Web,Interacción,Video,31341,21977,1579,1435,320,104,13013.89,270019.87,4.578666921923359,7.184784092460299,32.5,40.66840625,20.74859016020575,1974.8590160205747
2026-02-06 18:01:40.867244,Instagram,Interacción,Reel,5758,4771,263,437,40,8,6541.72,29973.74,7.589440778047933,5.512471180046112,20.0,163.543,4.581935637722189,358.1935637722189
2026-02-07 02:45:13.809206,Facebook,Conversión,Video,18010,13658,592,232,57,4,11286.05,10501.32,1.2881732370905052,4.334455996485576,7.017543859649122,198.00087719298244,0.9304690303516289,-6.953096964837119
2026-02-07 11:28:46.751167,TikTok,Conversión,Reel,32658,28095,701,1476,166,37,12917.42,94516.2,4.519566415579644,2.4951058907278876,22.289156626506024,77.81578313253011,7.3169564820219515,631.6956482021951
2026-02-07 20:12:19.693128,TikTok,Interacción,Imagen,38782,26908,1260,1973,304,86,4995.24,343386.27,5.087411685833635,4.682622268470343,28.289473684210524,16.43171052631579,68.74269704758932,6774.269704758932
2026-02-08 04:55:52.635090,Instagram,Conversión,Video,2375,1808,154,176,24,1,6194.88,1534.32,7.4105263157894745,8.517699115044246,4.166666666666666,258.12,0.24767549976754996,-75.23245002324501
2026-02-08 13:39:25.577051,TikTok,Captación,Imagen,34949,26928,1975,469,124,12,5670.07,26664.73,1.3419554207559585,7.3343731431966726,9.67741935483871,45.726370967741936,4.702716192216322,370.2716192216322
2026-02-08 22:22:58.519012,Instagram,Conversión,Video,23092,16073,1838,1157,94,5,12576.41,8707.62,5.010393209769617,11.435326323648354,5.319148936170213,133.79159574468085,0.6923772364291559,-30.762276357084406
2026-02-09 07:06:31.460973,Instagram,Conversión,Video,1490,894,53,103,19,4,1143.03,9233.05,6.9127516778523495,5.9284116331096195,21.052631578947366,60.159473684210525,8.077696998329003,707.7696998329002
2026-02-09 15:50:04.402935,Facebook,Conversión,Imagen,4729,2755,246,127,10,3,4972.11,5302.72,2.6855572002537533,8.929219600725952,30.0,497.21099999999996,1.0664928973815946,6.649289738159466
2026-02-10 00:33:37.344896,TikTok,Interacción,Reel,6974,3876,267,497,112,28,10351.42,90538.1,7.126469744766275,6.888544891640867,25.0,92.42339285714286,8.746442517065292,774.6442517065292
2026-02-10 09:17:10.286857,TikTok,Captación,Video,20680,17696,1260,234,64,22,8698.93,91350.98,1.1315280464216635,7.120253164556963,34.375,135.92078125,10.501404195688435,950.1404195688433
2026-02-10 18:00:43.228819,Instagram,Reconocimiento,Reel,19324,12227,571,1184,187,12,6826.2,49245.3,6.127095839370731,4.669992639241024,6.417112299465241,36.50374331550802,7.214160147666345,621.4160147666346
2026-02-11 02:44:16.170780,Web,Reconocimiento,Reel,32334,20177,1321,2435,418,134,8329.25,312341.14,7.530772561390487,6.547058531991872,32.057416267942585,19.926435406698566,37.49931146261668,3649.9311462616683
2026-02-11 11:27:49.112741,Instagram,Captación,Imagen,22398,18088,1213,1254,353,103,3364.98,510137.75,5.598714170908116,6.706103494029191,29.178470254957507,9.532521246458924,151.60201546517365,15060.201546517364
2026-02-11 20:11:22.054703,Instagram,Captación,Reel,35650,23600,2139,1452,261,37,6745.39,121884.97,4.072931276297336,9.063559322033898,14.17624521072797,25.8444061302682,18.06937330532408,1706.9373305324082
2026-02-12 04:54:54.996664,Web,Captación,Imagen,22292,16208,1848,292,50,17,7774.69,42117.18,1.3098869549614212,11.40177690029615,34.0,155.4938,5.417216635004097,441.72166350040965
2026-02-12 13:38:27.938625,Web,Interacción,Artículo,36755,22305,1180,2734,531,72,13567.24,310267.08,7.4384437491497755,5.290293656130912,13.559322033898304,25.55035781544256,22.868842889194855,2186.8842889194857
2026-02-12 22:22:00.880587,Web,Reconocimiento,Reel,39353,34863,844,1689,375,118,4282.11,456125.56,4.291921835692324,2.420904684048992,31.466666666666665,11.418959999999998,106.51887971117044,10551.887971117045
2026-02-13 07:05:33.822548,TikTok,Captación,Artículo,4159,3527,245,50,3,0,13083.51,0.0,1.202212070209185,6.946413382478027,0.0,4361.17,0.0,-100.0
2026-02-13 15:49:06.764509,TikTok,Interacción,Reel,33626,28660,2133,1959,500,138,9841.5,224082.37,5.82584904538155,7.442428471737614,27.6,19.683,22.769127673626986,2176.9127673626986
2026-02-14 00:32:39.706470,TikTok,Reconocimiento,Artículo,30351,21014,774,1327,210,45,794.94,124513.29,4.372178840894864,3.683258779861045,21.428571428571427,3.7854285714285716,156.63231187259413,15563.231187259413
2026-02-14 09:16:12.648432,Instagram,Conversión,Video,38298,31282,3004,716,48,4,11007.15,17678.71,1.8695493237244767,9.602966562240265,8.333333333333332,229.31562499999998,1.6061114820821012,60.61114820821012
2026-02-14 17:59:45.590393,Facebook,Interacción,Imagen,18065,10845,1285,451,111,23,1015.5,67090.07,2.496540271242735,11.848778238819731,20.72072072072072,9.14864864864865,66.06604628261941,6506.604628261941
2026-02-15 02:43:18.532354,Facebook,Reconocimiento,Reel,22638,12519,1434,328,47,7,14962.03,25693.51,1.4488912448096123,11.454589024682482,14.893617021276595,318.34106382978723,1.717247592739755,71.72475927397551
2026-02-15 11:26:51.474316,Instagram,Interacción,Reel,2073,1154,45,104,7,2,13153.23,6538.64,5.016883743367101,3.8994800693240896,28.57142857142857,1879.032857142857,0.49711287645696156,-50.28871235430385
2026-02-15 20:10:24.416277,TikTok,Reconocimiento,Imagen,47511,35885,3858,2543,530,147,4811.48,637671.08,5.352444697017533,10.7510101713808,27.735849056603772,9.078264150943395,132.53117128201717,13153.117128201717
2026-02-16 04:53:57.358238,Facebook,Reconocimiento,Imagen,19771,14025,1268,897,242,78,4232.46,155622.13,4.536948055232411,9.040998217468806,32.231404958677686,17.489504132231406,36.7687184285262,3576.87184285262
2026-02-16 13:37:30.300200,Instagram,Conversión,Video,36461,26664,1743,2450,666,36,6030.9,115811.86,6.719508515948548,6.536903690369036,5.405405405405405,9.055405405405406,19.203080800543866,1820.308080054387
2026-02-16 22:21:03.242161,Instagram,Interacción,Video,43330,23944,1773,3044,880,257,5664.42,338619.5,7.025155781213939,7.404777814901436,29.204545454545457,6.436840909090909,59.780083397770646,5878.008339777065
2026-02-17 07:04:36.184122,TikTok,Captación,Imagen,30320,21161,2221,1609,429,142,5898.9,525241.71,5.306728232189974,10.495723264496007,33.1002331002331,13.75034965034965,89.04061943752225,8804.061943752224
2026-02-17 15:48:09.126084,Instagram,Conversión,Imagen,5340,4279,291,58,2,0,5115.01,0.0,1.0861423220973783,6.800654358494976,0.0,2557.505,0.0,-100.0
2026-02-18 00:31:42.068045,Web,Conversión,Artículo,35924,25324,1451,2107,305,27,9506.43,26457.75,5.865159781761496,5.729742536724056,8.852459016393443,31.168622950819675,2.783142567714694,178.31425677146942
2026-02-18 09:15:15.010006,Facebook,Reconocimiento,Imagen,17184,13855,960,674,171,12,2881.82,43659.86,3.922253258845437,6.928906531937928,7.017543859649122,16.852748538011696,15.15009958984253,1415.009958984253
2026-02-18 17:58:47.951967,Facebook,Captación,Artículo,41734,26357,2053,2069,292,16,12766.73,40667.18,4.95758853692433,7.789202109496528,5.47945205479452,43.72167808219178,3.185402996695317,218.5402996695317
2026-02-19 02:42:20.893929,TikTok,Interacción,Imagen,3580,2987,116,198,39,9,12279.84,11890.86,5.53072625698324,3.8834951456310676,23.076923076923077,314.8676923076923,0.968323691513896,-3.167630848610402
2026-02-19 11:25:53.835890,TikTok,Captación,Reel,41025,31012,3414,1416,285,68,7409.01,174325.6,3.451553930530164,11.008641816071197,23.859649122807017,25.996526315789474,23.528865529942596,2252.8865529942595
2026-02-19 20:09:26.777851,Facebook,Captación,Video,29967,18692,1634,2223,314,108,12864.58,174504.06,7.418159975973571,8.741707682430986,34.394904458598724,40.97,13.564691579515227,1256.469157951523
2026-02-20 04:52:59.719813,TikTok,Captación,Imagen,3159,1999,166,61,16,2,4083.6,5090.7,1.9309908198797088,8.30415207603802,12.5,255.225,1.246620628856891,24.662062885689096
2026-02-20 13:36:32.661774,TikTok,Captación,Imagen,49940,38444,1151,2846,500,74,754.7,178652.57,5.698838606327593,2.993965248153158,14.799999999999999,1.5094,236.7199814495826,23571.99814495826
2026-02-20 22:20:05.603735,Instagram,Captación,Video,14900,12523,1007,153,25,5,9478.51,19506.22,1.0268456375838926,8.041204184300886,20.0,379.1404,2.0579415963057484,105.79415963057485
2026-02-21 07:03:38.545697,Web,Reconocimiento,Reel,12440,8651,277,929,278,82,7139.69,332239.84,7.467845659163987,3.201941972026355,29.496402877697843,25.6823381294964,46.53421086909937,4553.421086909936
2026-02-21 15:47:11.487658,TikTok,Reconocimiento,Artículo,15678,10040,279,280,48,15,8723.89,50242.81,1.785942084449547,2.7788844621513946,31.25,181.74770833333332,5.7592209438679305,475.92209438679305
2026-02-22 00:30:44.429619,TikTok,Conversión,Reel,48204,41139,2992,802,75,21,13540.42,18800.98,1.6637623433739936,7.272904056977564,28.000000000000004,180.53893333333335,1.3885078897109542,38.850788971095426
2026-02-22 09:14:17.371581,Web,Reconocimiento,Reel,13021,10211,615,433,77,13,14563.92,61233.82,3.325397434912833,6.022916462638332,16.883116883116884,189.1418181818182,4.2044875280830984,320.44875280830985
2026-02-22 17:57:50.313542,Web,Conversión,Reel,7772,5493,433,280,70,16,9699.57,58914.88,3.602676273803397,7.88275987620608,22.857142857142858,138.56528571428572,6.073968227457506,507.39682274575057
2026-02-23 02:41:23.255503,TikTok,Conversión,Video,2627,1893,54,65,15,4,11578.81,3774.48,2.4743052912067,2.8526148969889067,26.666666666666668,771.9206666666666,0.3259816855099963,-67.40183144900037
2026-02-23 11:24:56.197464,TikTok,Interacción,Reel,45432,28235,1781,2315,572,112,1715.22,474779.0,5.095527381581264,6.30777403931291,19.58041958041958,2.9986363636363635,276.80355872716035,27580.355872716034
2026-02-23 20:08:29.139426,TikTok,Captación,Reel,9219,7092,265,378,85,9,2830.38,14770.06,4.100227790432802,3.736604624929498,10.588235294117647,33.29858823529412,5.218401769373723,421.8401769373724
2026-02-24 04:52:02.081387,TikTok,Reconocimiento,Video,24464,16526,1961,303,34,3,11131.47,9698.19,1.238554610856769,11.866150308604622,8.823529411764707,327.3961764705882,0.8712407256184495,-12.875927438155058
2026-02-24 13:35:35.023348,TikTok,Interacción,Imagen,31232,28061,2135,1011,268,13,6754.8,35878.24,3.237064549180328,7.608424503759667,4.850746268656716,25.2044776119403,5.311517735536211,431.15177355362107
2026-02-24 22:19:07.965310,TikTok,Reconocimiento,Reel,43481,31222,2770,2901,793,210,6966.5,538297.81,6.671879671580691,8.871949266542822,26.48171500630517,8.78499369482976,77.2694767817412,7626.9476781741205
2026-02-25 07:02:40.907271,Instagram,Conversión,Imagen,9488,6831,358,552,54,4,4974.81,18147.19,5.81787521079258,5.240813936466111,7.4074074074074066,92.12611111111111,3.6478156954737964,264.78156954737966
2026-02-25 15:46:13.849232,Web,Reconocimiento,Artículo,35949,26891,792,2183,180,22,9306.67,58012.18,6.072491585301399,2.945223308913763,12.222222222222221,51.703722222222225,6.23339819720695,523.339819720695
2026-02-26 00:29:46.791194,Web,Captación,Video,45362,39504,4645,2670,784,109,3184.89,121692.54,5.885983863145364,11.758302956662616,13.903061224489797,4.062359693877551,38.20933847008845,3720.9338470088446
2026-02-26 09:13:19.733155,Instagram,Conversión,Imagen,40932,33985,1652,1300,347,75,9590.29,358191.2,3.175999218215577,4.86096807415036,21.613832853025936,27.637723342939484,37.34936065541292,3634.9360655412925
2026-02-26 17:56:52.675116,TikTok,Conversión,Reel,19981,14144,882,339,92,15,3020.08,69993.72,1.6966117811921324,6.235859728506787,16.304347826086957,32.82695652173913,23.176114540012186,2217.6114540012186
2026-02-27 02:40:25.617078,Instagram,Interacción,Artículo,1901,1523,129,55,14,3,1425.48,11023.85,2.89321409784324,8.470124753775444,21.428571428571427,101.82000000000001,7.733430142829082,673.3430142829083
2026-02-27 11:23:58.559039,Facebook,Captación,Video,23444,17704,397,1599,296,19,5290.19,52537.82,6.820508445657738,2.242431089019431,6.418918918918918,17.872263513513513,9.931178275260436,893.1178275260436
2026-02-27 20:07:31.501000,TikTok,Conversión,Imagen,43058,31102,3142,3385,716,62,3851.53,73780.61,7.8614891541641505,10.102244228666967,8.659217877094973,5.379231843575419,19.15618208867645,1815.6182088676449
2026-02-28 04:51:04.442961,Instagram,Captación,Imagen,19061,11766,866,849,158,31,13390.38,127755.41,4.454120980011542,7.360190379058304,19.62025316455696,84.74924050632912,9.540835286227875,854.0835286227875
2026-02-28 13:34:37.384923,TikTok,Reconocimiento,Reel,3881,2764,132,41,2,0,1296.83,0.0,1.0564287554753928,4.775687409551375,0.0,648.415,0.0,-100.0
2026-02-28 22:18:10.326884,TikTok,Captación,Video,30863,19629,513,611,144,19,3060.9,20674.36,1.9797168130123448,2.613480055020633,13.194444444444445,21.25625,6.7543402267307,575.43402267307
2026-03-01 07:01:43.268845,Facebook,Conversión,Imagen,46826,40747,1477,1523,268,18,8456.43,55026.22,3.252466578396617,3.6248067342381036,6.7164179104477615,31.55384328358209,6.507027197055968,550.7027197055968
2026-03-01 15:45:16.210807,Instagram,Interacción,Imagen,6622,4419,483,334,70,22,7475.47,32395.85,5.043793415886439,10.930074677528854,31.428571428571427,106.79242857142857,4.333620494764877,333.36204947648775
2026-03-02 00:28:49.152768,Instagram,Conversión,Reel,2378,2100,186,36,6,1,1164.85,832.47,1.5138772077375946,8.857142857142856,16.666666666666664,194.14166666666665,0.7146585397261451,-28.534146027385493
2026-03-02 09:12:22.094729,TikTok,Captación,Imagen,18632,13723,617,1416,244,21,605.16,54118.6,7.599828252468871,4.496101435546163,8.60655737704918,2.4801639344262294,89.42858087117457,8842.858087117456
2026-03-02 17:55:55.036691,Web,Captación,Reel,29311,22599,600,1042,96,6,14826.99,8257.87,3.5549793592849097,2.65498473383778,6.25,154.4478125,0.55694851079012,-44.305148920988
2026-03-03 02:39:27.978652,TikTok,Conversión,Imagen,6650,4921,438,491,58,19,10053.1,28009.13,7.383458646616542,8.900629953261532,32.758620689655174,173.3293103448276,2.786118709651749,178.6118709651749
2026-03-03 11:23:00.920613,Instagram,Captación,Video,46201,27502,2124,2986,267,67,5798.39,75242.65,6.463063570052596,7.72307468547742,25.0936329588015,21.71681647940075,12.976472779512932,1197.6472779512933
2026-03-03 20:06:33.862575,TikTok,Reconocimiento,Artículo,43224,29458,1780,2717,268,46,7321.27,76424.11,6.285859707569869,6.042501188132256,17.16417910447761,27.318171641791047,10.438641110080628,943.8641110080628
2026-03-04 04:50:06.804536,Facebook,Conversión,Reel,8036,4698,264,421,123,32,4364.98,121761.07,5.238924838227974,5.61941251596424,26.01626016260163,35.48764227642276,27.894989209572557,2689.498920957256
2026-03-04 13:33:39.746497,TikTok,Interacción,Reel,40255,30917,1288,2168,191,52,5500.67,218269.72,5.385666376847596,4.165992819484425,27.225130890052355,28.799319371727748,39.68056982149447,3868.0569821494473
2026-03-04 22:17:12.688458,Instagram,Conversión,Video,23499,16599,1443,1284,150,42,9911.14,113426.93,5.464062300523427,8.693294776793783,28.000000000000004,66.07426666666666,11.444387830259688,1044.4387830259689
2026-03-05 07:00:45.630420,TikTok,Reconocimiento,Video,38016,31260,3659,2053,405,78,13300.77,228347.03,5.400357744107744,11.705054382597568,19.25925925925926,32.84140740740741,17.167955689783373,1616.7955689783373
2026-03-05 15:44:18.572381,Facebook,Reconocimiento,Reel,5603,3514,132,273,55,9,3169.89,8434.36,4.872389791183294,3.7564029595902104,16.363636363636363,57.63436363636363,2.6607737176999837,166.07737176999836
2026-03-06 00:27:51.514342,Web,Reconocimiento,Reel,28773,17482,1393,2274,201,10,12685.24,10911.28,7.9032426232926705,7.968195858597414,4.975124378109453,63.110646766169154,0.8601555823933958,-13.984441760660415
2026-03-06 09:11:24.456304,Facebook,Reconocimiento,Imagen,20937,14492,904,1282,318,104,2262.57,195705.58,6.123131298657879,6.237924372067347,32.70440251572327,7.115,86.49702771626954,8549.702771626955
2026-03-06 17:54:57.398265,TikTok,Reconocimiento,Video,13632,11918,770,877,216,49,3617.39,151134.29,6.433392018779342,6.460815573082732,22.685185185185187,16.747175925925927,41.779926963915976,4077.992696391597
2026-03-07 02:38:30.340226,Web,Interacción,Reel,31607,25242,1146,2246,245,27,1039.04,105465.1,7.10602081817319,4.540052293796054,11.020408163265307,4.240979591836735,101.50244456421314,10050.244456421313
2026-03-07 11:22:03.282188,Instagram,Captación,Reel,27337,19043,1952,686,83,27,2541.77,90207.35,2.5094194681201305,10.250485742792627,32.53012048192771,30.623734939759036,35.48997352238794,3448.997352238794
2026-03-07 20:05:36.224149,Web,Reconocimiento,Video,1220,891,61,19,5,1,13800.9,2446.94,1.557377049180328,6.846240179573512,20.0,2760.18,0.17730292951908935,-82.26970704809106
2026-03-08 04:49:09.166110,TikTok,Reconocimiento,Video,47994,27811,2067,2102,538,186,7161.86,241234.77,4.379714130933033,7.432310956096509,34.572490706319705,13.312007434944237,33.683256863440505,3268.3256863440506
2026-03-08 13:32:42.108072,Instagram,Conversión,Reel,5818,5204,262,267,59,18,1626.15,73426.46,4.589205912684771,5.034588777863182,30.508474576271187,27.561864406779662,45.153559019770626,4415.355901977063
2026-03-08 22:16:15.050033,Facebook,Interacción,Reel,8349,6539,249,568,40,13,14416.04,30262.72,6.803209965265301,3.8079217005658355,32.5,360.401,2.0992394582700937,109.92394582700935
2026-03-09 06:59:47.991994,TikTok,Interacción,Reel,6618,4300,122,271,41,5,13245.39,19457.13,4.09489271683288,2.8372093023255816,12.195121951219512,323.05829268292683,1.4689737335027508,46.89737335027509
2026-03-09 15:43:20.933955,Instagram,Captación,Reel,28464,21491,1964,1422,269,81,11442.9,239315.4,4.995784148397976,9.138709227118328,30.111524163568777,42.538661710037175,20.913876727053456,1991.3876727053455
2026-03-10 00:26:53.875917,TikTok,Interacción,Reel,43624,25664,1016,2045,198,58,14035.36,226338.08,4.68778653951953,3.958852867830424,29.292929292929294,70.88565656565657,16.126275350258204,1512.6275350258202
2026-03-10 09:10:26.817878,Facebook,Conversión,Video,38344,34051,3030,485,78,9,3691.88,41495.55,1.2648654287502608,8.898417080261959,11.538461538461538,47.33179487179488,11.239680054606326,1023.9680054606326
2026-03-10 17:53:59.759839,TikTok,Conversión,Reel,19255,11768,694,1021,204,16,12627.35,74693.18,5.302518826278889,5.897348742352142,7.8431372549019605,61.89877450980392,5.915190439799324,491.5190439799324
2026-03-11 02:37:32.701801,Instagram,Captación,Artículo,25299,19652,1210,1719,226,77,10504.87,234653.53,6.794734969761651,6.157134133930389,34.070796460176986,46.481725663716816,22.337594848865333,2133.7594848865333
2026-03-11 11:21:05.643762,Web,Conversión,Reel,48975,31143,2084,1029,252,34,13111.51,100243.39,2.1010719754977027,6.691712423337508,13.492063492063492,52.02980158730159,7.645449685047717,664.5449685047719
2026-03-11 20:04:38.585723,Web,Reconocimiento,Imagen,2462,1972,111,127,33,10,12055.22,19158.5,5.158407798537774,5.628803245436106,30.303030303030305,365.309696969697,1.5892285665462762,58.92285665462763
2026-03-12 04:48:11.527685,Web,Reconocimiento,Reel,16905,13894,417,871,114,5,5524.18,23651.8,5.1523217982845315,3.001295523247445,4.385964912280701,48.457719298245614,4.2815042232512335,328.1504223251234
2026-03-12 13:31:44.469646,TikTok,Conversión,Imagen,25920,20365,1037,557,144,8,11728.78,21786.08,2.1489197530864197,5.092069727473607,5.555555555555555,81.44986111111112,1.8574890142026708,85.74890142026707
2026-03-12 22:15:17.411607,Instagram,Captación,Imagen,17252,13199,1140,321,24,4,4305.62,5343.53,1.8606538372362627,8.63701795590575,16.666666666666664,179.40083333333334,1.2410593596276493,24.105935962764942
2026-03-13 06:58:50.353569,TikTok,Interacción,Reel,42004,36222,3136,3301,856,104,5264.59,272205.51,7.858775354728122,8.657721826514273,12.149532710280374,6.150221962616823,51.70497797549287,5070.497797549287
2026-03-13 15:42:23.295530,Instagram,Captación,Artículo,41581,24013,1167,1561,137,35,2064.63,46676.83,3.754118467569322,4.859867571731979,25.547445255474454,15.07029197080292,22.60784256743339,2160.784256743339
2026-03-14 00:25:56.237491,Instagram,Interacción,Video,35836,23860,1575,928,65,14,14058.61,40748.86,2.589574729322469,6.601005867560771,21.53846153846154,216.2863076923077,2.8984985002073462,189.84985002073464
2026-03-14 09:09:29.179452,Facebook,Conversión,Video,6753,4300,169,148,31,2,4719.55,6314.71,2.191618539908189,3.9302325581395348,6.451612903225806,152.24354838709678,1.3379898507272938,33.79898507272939
2026-03-14 17:53:02.121414,Facebook,Conversión,Imagen,41005,36732,1507,2326,390,38,8049.03,84305.82,5.672478965979758,4.102689752804094,9.743589743589745,20.63853846153846,10.474034759467912,947.4034759467912
2026-03-15 02:36:35.063375,TikTok,Reconocimiento,Imagen,15175,10414,232,799,221,36,6174.33,39633.57,5.265238879736408,2.2277703091991548,16.289592760180994,27.93814479638009,6.419088386918094,541.9088386918095
2026-03-15 11:20:08.005336,TikTok,Interacción,Video,7191,5798,635,395,55,5,14418.96,23813.57,5.492977332777082,10.952052431873058,9.090909090909092,262.16290909090907,1.6515456038438279,65.1545603843828
2026-03-15 20:03:40.947298,Facebook,Captación,Reel,18898,14922,612,305,37,10,5358.21,40480.83,1.6139273997248387,4.101326899879373,27.027027027027028,144.8164864864865,7.554916660601209,655.4916660601209
2026-03-16 04:47:13.889259,Instagram,Conversión,Video,19982,12473,533,1449,253,44,11788.91,190225.22,7.251526373736363,4.273230177182715,17.391304347826086,46.59648221343873,16.135946410652046,1513.5946410652045
2026-03-16 13:30:46.831220,Web,Captación,Reel,15622,9898,474,581,95,7,12903.53,16385.93,3.7191140699014213,4.788846231561932,7.368421052631578,135.82663157894737,1.2698796375875439,26.987963758754386
2026-03-16 22:14:19.773182,Facebook,Reconocimiento,Imagen,2001,1297,42,63,8,1,6816.29,3995.49,3.1484257871064467,3.2382420971472627,12.5,852.03625,0.5861678420372373,-41.383215796276275
2026-03-17 06:57:52.715143,Facebook,Interacción,Reel,48645,33754,2832,2060,460,35,5983.49,99349.82,4.234762051598314,8.390116726906442,7.608695652173914,13.007586956521738,16.60399198461099,1560.3991984610989
2026-03-17 15:41:25.657104,Instagram,Interacción,Reel,44000,27808,765,1641,393,34,11342.31,55914.72,3.729545454545455,2.7510069044879173,8.651399491094146,28.860839694656487,4.929747115005674,392.97471150056737
2026-03-18 00:24:58.599066,TikTok,Conversión,Reel,24283,13522,451,1710,450,54,13736.99,71419.22,7.041963513569163,3.335305428191096,12.0,30.526644444444443,5.1990443321280715,419.90443321280725
2026-03-18 09:08:31.541027,TikTok,Interacción,Video,22435,19244,1625,1683,493,151,11446.51,339631.26,7.501671495431246,8.44419039700686,30.628803245436103,23.218073022312375,29.671162651323417,2867.1162651323416
2026-03-18 17:52:04.482988,Instagram,Conversión,Reel,28223,25060,1352,881,102,33,3793.33,45464.72,3.1215675158558622,5.395051875498803,32.35294117647059,37.18950980392157,11.98543759704534,1098.543759704534
2026-03-19 02:35:37.424949,Instagram,Reconocimiento,Imagen,38244,25606,2324,2695,617,183,13380.46,913669.54,7.04685702332392,9.075997813012576,29.65964343598055,21.686320907617503,68.28386617500445,6728.386617500446
2026-03-19 11:19:10.366911,TikTok,Interacción,Artículo,31024,20738,1570,2007,298,44,6119.93,44290.13,6.469185146982981,7.570643263574116,14.76510067114094,20.536677852348994,7.237032122916438,623.7032122916438
2026-03-19 20:02:43.308872,TikTok,Conversión,Imagen,31734,17532,799,2385,522,68,8855.33,180390.61,7.515598411798072,4.557380789413644,13.026819923371647,16.964233716475096,20.370851227452842,1937.0851227452845
2026-03-20 04:46:16.250833,Instagram,Captación,Video,1515,1193,101,41,6,1,12555.82,2698.79,2.706270627062706,8.466051969823972,16.666666666666664,2092.6366666666668,0.21494334898079137,-78.50566510192085
2026-03-20 13:29:49.192795,Web,Conversión,Artículo,46246,38795,1226,2330,695,185,3231.72,381591.01,5.038273580417766,3.160201056837221,26.618705035971225,4.649956834532373,118.07675479311328,11707.675479311329
2026-03-20 22:13:22.134756,Instagram,Interacción,Imagen,2191,1317,96,64,14,4,11875.4,12798.71,2.921040620721132,7.289293849658314,28.57142857142857,848.2428571428571,1.0777498021119287,7.774980211192882
2026-03-21 06:56:55.076717,Facebook,Reconocimiento,Imagen,33264,20154,1284,2251,648,57,9144.36,81504.5,6.767075517075518,6.370943733253945,8.796296296296296,14.111666666666668,8.913089598397264,791.3089598397263
2026-03-21 15:40:28.018679,Web,Interacción,Reel,44628,36886,1725,462,119,7,13453.45,28647.02,1.0352245227211616,4.676571056769506,5.88235294117647,113.05420168067228,2.1293437742735133,112.93437742735135
2026-03-22 00:24:00.960640,Facebook,Interacción,Reel,47216,36153,2906,2338,644,166,2993.57,364582.55,4.951711284310403,8.03806046524493,25.77639751552795,4.648400621118013,121.78855012576956,12078.855012576954
2026-03-22 09:07:33.902601,TikTok,Conversión,Reel,7297,4127,442,246,62,18,6599.89,59105.5,3.371248458270522,10.70995880785074,29.03225806451613,106.44983870967742,8.955528046679566,795.5528046679565
2026-03-22 17:51:06.844563,Facebook,Captación,Video,28856,22158,2656,940,154,46,12576.22,175061.5,3.257554754643748,11.986641393627584,29.87012987012987,81.66376623376622,13.920041157040828,1292.0041157040828
2026-03-23 02:34:39.786524,Instagram,Interacción,Video,9334,6142,496,514,58,14,778.86,63475.68,5.5067495178915795,8.075545424943014,24.137931034482758,13.428620689655173,81.49818966181341,8049.818966181341
2026-03-23 11:18:12.728485,Web,Captación,Video,25162,17086,1033,1751,249,83,2126.92,357755.5,6.958906287258565,6.045885520309025,33.33333333333333,8.541847389558233,168.20355255486805,16720.355255486807
2026-03-23 20:01:45.670446,Facebook,Conversión,Reel,7008,5742,244,368,20,4,14863.2,13419.59,5.251141552511415,4.249390456287008,20.0,743.1600000000001,0.9028735400183002,-9.71264599816998
2026-03-24 04:45:18.612408,Web,Captación,Imagen,8987,7493,342,626,113,36,4565.72,87525.05,6.9656170023367086,4.564259975977579,31.858407079646017,40.40460176991151,19.170043279044705,1817.0043279044705
2026-03-24 13:28:51.554369,Instagram,Conversión,Reel,31966,22060,1498,911,160,54,14645.38,157326.82,2.8499030219608334,6.790571169537625,33.75,91.533625,10.74241979381894,974.241979381894
2026-03-24 22:12:24.496330,Instagram,Reconocimiento,Video,4332,3818,216,200,36,10,3146.71,40286.86,4.616805170821792,5.657412257726559,27.77777777777778,87.40861111111111,12.802851231921593,1180.2851231921595
2026-03-25 06:55:57.438292,Instagram,Captación,Artículo,1787,1237,137,74,21,3,5735.87,13457.07,4.141018466703973,11.075181891673404,14.285714285714285,273.13666666666666,2.346125348029157,134.6125348029157
2026-03-25 15:39:30.380253,TikTok,Captación,Artículo,39990,32797,1863,432,120,13,11416.61,16066.49,1.0802700675168793,5.68039759734122,10.833333333333334,95.13841666666667,1.407290780713364,40.7290780713364
2026-03-26 00:23:03.322214,Facebook,Reconocimiento,Imagen,10873,7821,448,532,48,10,10037.79,24163.96,4.892853858180815,5.728167753484209,20.833333333333336,209.12062500000002,2.4072988177676558,140.72988177676558
2026-03-26 09:06:36.264176,Web,Captación,Artículo,18006,15559,907,1013,144,26,8926.27,105551.93,5.6259024769521275,5.829423484799794,18.055555555555554,61.98798611111111,11.824864136979947,1082.4864136979945
2026-03-26 17:50:09.206137,Facebook,Reconocimiento,Reel,21225,18417,1909,1091,170,53,8183.54,138485.68,5.1401648998822145,10.365423250257914,31.176470588235293,48.13847058823529,16.922466316532944,1592.2466316532941
2026-03-27 02:33:42.148098,Web,Interacción,Artículo,37444,21739,1849,2304,322,25,12729.89,54883.92,6.153188761884414,8.505451032706196,7.763975155279502,39.533819875776395,4.311421386987633,331.14213869876335
2026-03-27 11:17:15.090060,Instagram,Conversión,Video,36340,31898,2597,1816,453,57,3906.75,144070.65,4.997248211337369,8.14157627437457,12.582781456953644,8.624172185430464,36.877366097139564,3587.7366097139566
2026-03-27 20:00:48.032021,Web,Reconocimiento,Reel,40683,34130,1823,596,107,29,6915.83,96626.49,1.4649853747265442,5.341341927922649,27.102803738317753,64.63392523364486,13.971785020742269,1297.1785020742268
2026-03-28 04:44:20.973982,TikTok,Captación,Video,6033,4989,507,109,21,1,2754.06,4999.18,1.8067296535720205,10.16235718580878,4.761904761904762,131.1457142857143,1.8152037355758408,81.5203735575841
2026-03-28 13:27:53.915943,TikTok,Reconocimiento,Video,8788,5451,129,454,119,17,9141.15,48799.66,5.166135639508421,2.3665382498624106,14.285714285714285,76.81638655462184,5.338459603003999,433.8459603003999
2026-03-28 22:11:26.857905,TikTok,Captación,Video,16689,13881,1486,488,122,20,4132.89,33513.54,2.9240817304811553,10.705280599380448,16.39344262295082,33.87614754098361,8.108984270087033,710.8984270087033
2026-03-29 06:54:59.799866,TikTok,Interacción,Imagen,45220,38326,2731,704,58,13,5340.71,19291.42,1.5568332596196373,7.1257110055836765,22.413793103448278,92.08120689655172,3.6121452016679427,261.2145201667943
2026-03-29 15:38:32.741827,TikTok,Reconocimiento,Imagen,22598,14715,880,905,206,20,7333.14,19557.38,4.004779183998584,5.980292218824329,9.70873786407767,35.59776699029126,2.6669857659883762,166.69857659883763
2026-03-30 00:22:05.683789,Instagram,Interacción,Reel,38480,33989,2369,1877,298,91,888.17,286379.95,4.877858627858628,6.969902027126423,30.536912751677853,2.980436241610738,322.4382156569126,32143.821565691258
2026-03-30 09:05:38.625750,Instagram,Conversión,Video,30703,17422,1511,1013,125,23,1833.1,71005.66,3.2993518548676026,8.672942256916542,18.4,14.6648,38.73528994599313,3773.528994599312
2026-03-30 17:49:11.567711,Web,Captación,Imagen,1066,642,13,64,4,1,10445.97,1661.98,6.0037523452157595,2.0249221183800623,25.0,2611.4925,0.1591025055595603,-84.08974944404397
2026-03-31 02:32:44.509673,TikTok,Captación,Imagen,49623,36629,3924,2732,469,89,6720.06,331114.13,5.505511557140842,10.712823172895792,18.976545842217483,14.328486140724948,49.272496078904055,4827.249607890406
2026-03-31 11:16:17.451634,TikTok,Interacción,Reel,46246,34755,2247,1539,213,28,13039.46,109554.19,3.3278553820870993,6.4652567975830815,13.145539906103288,61.2181220657277,8.401742863584843,740.1742863584843
2026-03-31 19:59:50.393595,Facebook,Conversión,Imagen,8533,6619,359,536,60,5,10572.74,9441.06,6.281495370912927,5.42378002719444,8.333333333333332,176.21233333333333,0.8929624676290158,-10.703753237098427
2026-04-01 04:43:23.335557,Instagram,Reconocimiento,Reel,16103,8952,302,892,199,10,617.46,22452.19,5.539340495559833,3.373547810545129,5.025125628140704,3.102814070351759,36.36217730703203,3536.2177307032034
2026-04-01 13:26:56.277518,Instagram,Reconocimiento,Reel,5616,4976,318,306,74,15,9442.33,74399.72,5.448717948717949,6.390675241157556,20.27027027027027,127.59905405405405,7.879381466227086,687.9381466227086
2026-04-01 22:10:29.219479,TikTok,Captación,Artículo,47045,26608,1852,2292,254,20,1859.01,47438.22,4.8719311297693695,6.96031268791341,7.874015748031496,7.318937007874016,25.518001516936433,2451.8001516936433
2026-04-02 06:54:02.161440,Facebook,Interacción,Reel,39498,23701,1430,426,26,4,11823.53,15981.47,1.0785356220568132,6.033500696173157,15.384615384615385,454.7511538461539,1.3516665496683307,35.16665496683307
2026-04-02 15:37:35.103402,Instagram,Interacción,Reel,44492,24688,2169,2614,685,155,14876.86,418724.25,5.87521352153196,8.785644847699286,22.62773722627737,21.71804379562044,28.146009977912005,2714.6009977912004
2026-04-03 00:21:08.045363,Facebook,Reconocimiento,Artículo,12772,9558,593,463,24,3,8202.38,12396.14,3.625117444409646,6.204226825695752,12.5,341.7658333333333,1.511285748770479,51.128574877047896
2026-04-03 09:04:40.987324,Instagram,Conversión,Imagen,24849,21775,2528,1888,536,54,10400.3,217614.47,7.597891263229909,11.609644087256028,10.074626865671641,19.4035447761194,20.92386469621069,1992.386469621069
2026-04-03 17:48:13.929286,TikTok,Conversión,Video,13940,10916,872,937,193,54,3941.06,194647.07,6.721664275466284,7.988274093074386,27.979274611398964,20.419999999999998,49.38952210826529,4838.952210826529
2026-04-04 02:31:46.871247,Instagram,Reconocimiento,Video,17932,15025,1513,917,119,39,6845.17,171212.69,5.1137631050635735,10.069883527454243,32.773109243697476,57.52243697478992,25.012189616912362,2401.218961691236
2026-04-04 11:15:19.813208,TikTok,Reconocimiento,Video,30769,17065,527,850,94,7,12913.38,33213.02,2.7625207189053915,3.088192206270144,7.446808510638298,137.3763829787234,2.5719850263834876,157.19850263834877
2026-04-04 19:58:52.755170,Facebook,Interacción,Imagen,25648,18971,1133,622,32,3,2927.63,9707.79,2.4251403618215845,5.972273470033208,9.375,91.4884375,3.3159210692608014,231.59210692608013
2026-04-05 04:42:25.697131,Facebook,Conversión,Reel,48411,34412,1847,1637,178,60,4350.27,107842.16,3.3814628906653446,5.367313727769383,33.70786516853933,24.439719101123597,24.789762474513076,2378.9762474513072
2026-04-05 13:25:58.639092,Instagram,Reconocimiento,Video,33966,24613,1893,1472,124,7,6958.79,17319.69,4.333745510216098,7.691057571202211,5.64516129032258,56.119274193548385,2.4888939025319057,148.88939025319056
2026-04-05 22:09:31.581054,Instagram,Reconocimiento,Artículo,28777,16554,1756,884,179,61,10827.61,243077.92,3.071897696076728,10.607708106801981,34.07821229050279,60.48944134078213,22.449822259944714,2144.9822259944713
2026-04-06 06:53:04.523015,Facebook,Captación,Reel,33567,26502,737,1545,141,7,5950.32,24735.97,4.602734828849763,2.7809221945513545,4.964539007092199,42.20085106382979,4.157082308178384,315.7082308178384
2026-04-06 15:36:37.464976,Facebook,Reconocimiento,Video,18174,13196,359,392,71,22,13952.12,34028.57,2.156927478815891,2.7205213701121553,30.985915492957744,196.5087323943662,2.4389533633598335,143.89533633598333
2026-04-07 00:20:10.406937,TikTok,Reconocimiento,Reel,43598,35654,3744,3419,675,95,1869.63,96444.58,7.84210284875453,10.500925562349247,14.074074074074074,2.7698222222222224,51.58484833897616,5058.484833897616
2026-04-07 09:03:43.348899,Instagram,Conversión,Imagen,14798,10652,439,259,32,10,5876.66,36684.39,1.7502365184484387,4.1212917761922645,31.25,183.645625,6.242387682799413,524.2387682799414
2026-04-07 17:47:16.290860,TikTok,Interacción,Video,18558,11177,971,1396,82,11,10779.83,20399.85,7.5223623235262425,8.687483224478841,13.414634146341465,131.46134146341464,1.8924092494965132,89.24092494965133
2026-04-08 02:30:49.232821,Web,Conversión,Reel,45237,35144,2610,3345,198,48,3776.81,139133.52,7.394389548378539,7.426587753243796,24.242424242424242,19.074797979797978,36.83889843545214,3583.889843545214
2026-04-08 11:14:22.174783,TikTok,Interacción,Imagen,1178,718,74,55,3,0,10017.99,0.0,4.668930390492361,10.30640668523677,0.0,3339.33,0.0,-100.0
2026-04-08 19:57:55.116744,Instagram,Captación,Reel,21470,18364,596,1304,306,37,2881.15,117038.42,6.073591057289241,3.245480287519059,12.091503267973856,9.415522875816993,40.62211963972719,3962.2119639727193
2026-04-09 04:41:28.058705,Facebook,Reconocimiento,Reel,18118,13852,456,734,95,26,1311.71,29896.64,4.051219781432829,3.2919434016748483,27.368421052631582,13.807473684210526,22.792111061133937,2179.211106113394
2026-04-09 13:25:01.000667,Instagram,Captación,Reel,23616,14288,1081,1277,318,66,2254.73,104242.84,5.407350948509485,7.565789473684211,20.754716981132077,7.090345911949686,46.23295915697223,4523.295915697223
2026-04-09 22:08:33.942628,Instagram,Interacción,Video,1798,1594,182,60,9,2,13984.78,3442.36,3.337041156840934,11.417816813048933,22.22222222222222,1553.8644444444444,0.24615045785489653,-75.38495421451034
2026-04-10 06:52:06.884589,Web,Conversión,Video,8601,6291,386,267,43,7,8500.39,13181.21,3.104290198814091,6.1357494833889685,16.27906976744186,197.68348837209302,1.5506594403315612,55.06594403315612
2026-04-10 15:35:39.826551,Instagram,Conversión,Reel,26363,15172,799,1330,237,73,12047.01,231752.68,5.044949360846641,5.266279989454257,30.801687763713083,50.83126582278481,19.237360971726595,1823.7360971726591
2026-04-11 00:19:12.768512,Facebook,Captación,Video,3795,2919,235,170,38,7,5323.49,20416.59,4.479578392621871,8.050702295306612,18.421052631578945,140.09184210526314,3.835188945597719,283.51889455977187
2026-04-11 09:02:45.710473,TikTok,Interacción,Video,32926,21027,2376,1664,196,67,9093.55,110769.23,5.053756909433274,11.299757454701098,34.183673469387756,46.39566326530612,12.181076697219458,1118.1076697219457
2026-04-11 17:46:18.652434,TikTok,Captación,Imagen,46264,38458,3987,1390,111,37,7676.81,40098.02,3.0044959363652084,10.367153778147589,33.33333333333333,69.16045045045045,5.223265913836606,422.32659138366057
2026-04-12 02:29:51.594396,TikTok,Captación,Artículo,38356,32074,3834,1368,258,38,14213.2,57760.58,3.5665867139430594,11.953607283157698,14.728682170542637,55.08992248062016,4.063868798018743,306.38687980187433
2026-04-12 11:13:24.536357,Instagram,Reconocimiento,Imagen,8297,7406,164,131,17,5,11339.83,24672.01,1.578883933952031,2.2144207399405884,29.411764705882355,667.0488235294117,2.1756948737326747,117.56948737326749
2026-04-12 19:56:57.478318,Facebook,Captación,Artículo,4084,2963,92,55,8,2,11092.87,5535.79,1.346718903036239,3.1049611879851504,25.0,1386.60875,0.4990403745829528,-50.09596254170472
2026-04-13 04:40:30.420280,Facebook,Reconocimiento,Video,31329,22219,1798,869,183,20,1172.12,88857.02,2.7737878642791025,8.092173365137945,10.92896174863388,6.405027322404371,75.80880797188003,7480.880797188003
2026-04-13 13:24:03.362241,Instagram,Reconocimiento,Artículo,12110,9854,1005,184,31,7,8470.21,30553.32,1.5194054500412881,10.198903998376293,22.58064516129032,273.23258064516125,3.6071502359445637,260.7150235944564
2026-04-13 22:07:36.304202,Facebook,Conversión,Video,1731,1032,50,29,5,0,7271.38,0.0,1.6753321779318313,4.844961240310078,0.0,1454.276,0.0,-100.0
2026-04-14 06:51:09.246164,Instagram,Reconocimiento,Artículo,2129,1578,69,142,26,7,13953.71,26376.62,6.669798027242837,4.3726235741444865,26.923076923076923,536.6811538461538,1.8902944091571345,89.02944091571347
2026-04-14 15:34:42.188125,Instagram,Reconocimiento,Artículo,29022,21510,2122,369,86,8,4231.46,12876.47,1.2714492454000412,9.865178986517899,9.30232558139535,49.20302325581395,3.043032428523488,204.3032428523488
2026-04-15 00:18:15.130086,Facebook,Conversión,Imagen,2605,1514,38,146,33,2,4412.59,7382.53,5.604606525911708,2.509907529722589,6.0606060606060606,133.7148484848485,1.6730604928171435,67.30604928171435
2026-04-15 09:01:48.072048,Instagram,Captación,Artículo,12970,9030,514,377,69,11,6464.52,21384.17,2.906707787201234,5.692137320044297,15.942028985507244,93.68869565217392,3.307928508226442,230.79285082264417
2026-04-15 17:45:21.014009,TikTok,Interacción,Reel,44705,37938,2677,3174,697,155,4028.86,665672.42,7.099876971256011,7.056249670515051,22.23816355810617,5.780286944045911,165.22599941422635,16422.59994142264
2026-04-16 02:28:53.955970,TikTok,Interacción,Reel,45130,38344,2915,1983,532,163,2373.17,187717.54,4.3939729669842675,7.602232422282496,30.639097744360903,4.460845864661654,79.09991277489603,7809.991277489603
2026-04-16 11:12:26.897931,TikTok,Interacción,Reel,30265,17696,1643,950,150,51,12932.52,206406.3,3.1389393689079794,9.284584086799276,34.0,86.2168,15.960253686056545,1496.0253686056544
2026-04-16 19:55:59.839893,Instagram,Captación,Reel,33330,19389,1075,1541,236,42,8595.01,51228.87,4.623462346234623,5.5443808344937855,17.796610169491526,36.41953389830508,5.960303711106794,496.03037111067937
2026-04-17 04:39:32.781854,Instagram,Reconocimiento,Video,3933,2524,205,144,34,2,12989.76,9001.99,3.6613272311212817,8.12202852614897,5.88235294117647,382.05176470588236,0.6930066452344,-30.69933547656
2026-04-17 13:23:05.723815,Instagram,Interacción,Imagen,16187,13858,1088,801,156,42,12551.45,87261.68,4.948415395070118,7.851060759128302,26.923076923076923,80.45801282051282,6.952318656410214,595.2318656410215
2026-04-17 22:06:38.665777,TikTok,Captación,Artículo,26791,15943,1191,482,32,7,4589.61,24839.16,1.799111641969318,7.47036316878881,21.875,143.4253125,5.412041546013714,441.2041546013714
2026-04-18 06:50:11.607738,TikTok,Reconocimiento,Video,25900,20771,1745,2066,564,103,8442.19,293293.49,7.976833976833977,8.401136199508931,18.26241134751773,14.968421985815604,34.74139885503643,3374.1398855036427
2026-04-18 15:33:44.549699,Instagram,Conversión,Imagen,6074,3555,163,241,13,1,1706.66,2338.47,3.96773131379651,4.585091420534459,7.6923076923076925,131.28153846153847,1.3702026179789764,37.02026179789763
2026-04-19 00:17:17.491661,Web,Interacción,Artículo,47805,36718,1045,1643,389,78,13771.15,273846.74,3.436878987553603,2.846015578190533,20.051413881748072,35.40141388174807,19.88553897096466,1888.553897096466
2026-04-19 09:00:50.433622,Instagram,Reconocimiento,Artículo,27426,18502,590,1637,392,59,6361.81,281996.19,5.968788740611099,3.18884444924873,15.051020408163266,16.229107142857146,44.32640867929096,4332.640867929095
2026-04-19 17:44:23.375583,Facebook,Interacción,Artículo,40867,33761,1433,1449,417,115,6208.3,111933.29,3.545648077911273,4.244542519475134,27.577937649880095,14.88800959232614,18.0296200248055,1702.96200248055
2026-04-20 02:27:56.317545,TikTok,Interacción,Reel,1893,1195,83,129,8,1,4889.95,4659.18,6.814580031695722,6.94560669456067,12.5,611.24375,0.952807288418082,-4.719271158191792
2026-04-20 11:11:29.259506,Web,Interacción,Artículo,35158,27202,2830,1469,292,91,7179.62,305591.01,4.178280903350589,10.403646790677156,31.164383561643838,24.587739726027397,42.563674679161295,4156.3674679161295
2026-04-20 19:55:02.201467,TikTok,Reconocimiento,Imagen,20773,13138,1184,1254,196,41,4150.51,171819.52,6.036682231743129,9.012026183589587,20.918367346938776,21.17607142857143,41.39720660834451,4039.7206608344513
2026-04-21 04:38:35.143428,TikTok,Captación,Video,5239,4190,414,91,12,1,5935.36,2412.27,1.7369727047146404,9.880668257756563,8.333333333333332,494.6133333333333,0.40642353623032135,-59.357646376967864
2026-04-21 13:22:08.085390,Facebook,Reconocimiento,Reel,21863,18710,1030,1513,109,33,12099.23,91797.44,6.920367744591319,5.505077498663816,30.275229357798167,111.00211009174312,7.587048101408107,658.7048101408107
2026-04-21 22:05:41.027351,TikTok,Interacción,Imagen,4432,2634,159,272,51,11,12596.7,48940.9,6.137184115523466,6.0364464692482915,21.568627450980394,246.99411764705883,3.8852159692617905,288.52159692617903
2026-04-22 06:49:13.969312,Instagram,Reconocimiento,Video,36139,30837,1830,896,152,17,4910.65,43220.15,2.4793159744320543,5.934429419204203,11.18421052631579,32.30690789473684,8.801309398959406,780.1309398959405
2026-04-22 15:32:46.911274,Web,Conversión,Imagen,2515,1905,74,50,3,0,7300.71,0.0,1.9880715705765408,3.884514435695538,0.0,2433.57,0.0,-100.0
2026-04-23 00:16:19.853235,Facebook,Captación,Imagen,32670,19421,507,1050,213,33,13170.39,29199.02,3.213957759412305,2.6105761804232532,15.492957746478872,61.83281690140845,2.2170201489857173,121.70201489857173
2026-04-23 08:59:52.795196,TikTok,Reconocimiento,Video,49674,34753,2748,3890,912,276,1263.76,404646.81,7.831058501429319,7.907231030414641,30.263157894736842,1.3857017543859649,320.19276603152497,31919.276603152495
2026-04-23 17:43:25.737158,Facebook,Conversión,Reel,40094,24309,2890,1121,271,50,13392.6,174754.17,2.7959295655210257,11.88860092969682,18.45018450184502,49.41918819188192,13.048561892388335,1204.8561892388334
2026-04-24 02:26:58.679119,TikTok,Captación,Imagen,15605,12407,455,654,180,48,3678.17,182942.54,4.190964434476129,3.6672845974046906,26.666666666666668,20.43427777777778,49.73738027334245,4873.738027334244
2026-04-24 11:10:31.621080,Facebook,Conversión,Reel,6586,5371,132,79,12,0,10338.82,0.0,1.1995141208624354,2.457642897039657,0.0,861.5683333333333,0.0,-100.0
2026-04-24 19:54:04.563042,TikTok,Captación,Video,36685,21535,2109,1386,399,67,8947.0,93927.44,3.7781109445277363,9.793359647086138,16.791979949874687,22.423558897243108,10.498204984911144,949.8204984911144
2026-04-25 04:37:37.505003,Instagram,Reconocimiento,Video,49669,36116,1634,2483,661,228,8517.64,608920.24,4.999094002295195,4.524310554878724,34.493192133131615,12.885990922844174,71.48931394142039,7048.931394142039
2026-04-25 13:21:10.446964,Instagram,Conversión,Reel,32186,26879,2767,2469,306,89,12960.72,203934.42,7.671037096874417,10.29428178131627,29.08496732026144,42.355294117647055,15.734806399644466,1473.4806399644465
2026-04-25 22:04:43.388925,Instagram,Interacción,Artículo,27928,24511,2215,1289,115,11,1972.8,31699.55,4.615439702091091,9.0367590061605,9.565217391304348,17.15478260869565,16.06830393349554,1506.8303933495538
2026-04-26 06:48:16.330887,Instagram,Conversión,Video,33728,24612,2819,2271,360,47,5531.91,209402.95,6.733277988614801,11.453762392328946,13.055555555555557,15.366416666666666,37.85364367822326,3685.3643678223257
2026-04-26 15:31:49.272848,Web,Captación,Imagen,18551,16373,996,895,134,19,8304.66,77113.74,4.824537760767614,6.0831857326085625,14.17910447761194,61.97507462686567,9.285598687965553,828.5598687965552
2026-04-27 00:15:22.214809,Instagram,Reconocimiento,Video,22493,16588,1429,289,56,13,12263.69,14985.83,1.2848441737429421,8.614661200868097,23.214285714285715,218.9944642857143,1.2219674502535534,22.196745025355334
2026-04-27 08:58:55.156771,Web,Captación,Reel,21711,14936,993,695,136,37,3638.42,167954.05,3.2011422781078713,6.648366363149437,27.205882352941174,26.75308823529412,46.16125955772011,4516.1259557720105
2026-04-27 17:42:28.098732,Facebook,Conversión,Imagen,21039,17817,1479,1058,251,68,12142.48,189136.7,5.028756119587433,8.30106078464388,27.091633466135455,48.37641434262948,15.576447315540154,1457.6447315540154
2026-04-28 02:26:01.040693,Instagram,Conversión,Imagen,37561,27139,1762,2874,510,103,6294.76,404194.76,7.651553473017225,6.492501566012013,20.19607843137255,12.342666666666666,64.21130591158361,6321.13059115836
2026-04-28 11:09:33.982655,TikTok,Interacción,Video,10947,7828,304,767,58,17,3239.25,23598.8,7.00648579519503,3.8834951456310676,29.310344827586203,55.849137931034484,7.2852666512309945,628.5266651230994
2026-04-28 19:53:06.924616,TikTok,Reconocimiento,Reel,33335,24054,1702,866,229,41,11505.3,148297.9,2.597870106494675,7.075746237631994,17.903930131004365,50.2414847161572,12.889529173511338,1188.952917351134
2026-04-29 04:36:39.866577,Facebook,Reconocimiento,Video,16859,14269,1039,428,54,4,1818.03,7170.28,2.538703363188801,7.281519377671876,7.4074074074074066,33.66722222222222,3.9439833226074374,294.3983322607438
2026-04-29 13:20:12.808539,TikTok,Conversión,Reel,24122,20290,2050,580,169,37,7964.13,97724.39,2.404444075947268,10.103499260719566,21.893491124260358,47.12502958579882,12.270566904357413,1127.0566904357413
2026-04-29 22:03:45.750500,TikTok,Reconocimiento,Imagen,2577,1781,166,192,15,5,1426.2,4354.12,7.450523864959255,9.320606400898372,33.33333333333333,95.08,3.0529519001542558,205.29519001542562
2026-04-30 06:47:18.692461,Instagram,Interacción,Video,43256,28836,2490,3014,872,251,5668.06,360627.93,6.9678194932494915,8.635039533915938,28.784403669724774,6.50006880733945,63.62457878004114,6262.457878004114
2026-04-30 15:30:51.634422,Web,Captación,Reel,29350,21195,664,1885,137,30,9215.61,35602.14,6.4224872231686545,3.132814343005426,21.897810218978105,67.26722627737227,3.8632429106700474,286.32429106700476
2026-05-01 00:14:24.576384,Web,Reconocimiento,Reel,42932,32219,2966,1609,173,42,8563.68,75890.87,3.7477871983601974,9.205748161023,24.277456647398843,49.501040462427746,8.861946032546754,786.1946032546755
2026-05-01 08:57:57.518345,TikTok,Conversión,Artículo,34798,22041,1543,1576,97,31,6367.5,37822.36,4.528995919305707,7.000589809899732,31.958762886597935,65.64432989690722,5.9399073419709465,493.99073419709464
2026-05-01 17:41:30.460306,Instagram,Captación,Artículo,32898,27235,2979,1398,316,56,6721.2,207537.24,4.249498449753784,10.938131081329171,17.72151898734177,21.269620253164558,30.878003927870022,2987.8003927870022
2026-05-02 02:25:03.402268,TikTok,Captación,Video,16881,12158,1361,468,122,18,3788.16,16595.42,2.7723476097387594,11.194275374239183,14.754098360655737,31.05049180327869,4.380865644534549,338.0865644534549
2026-05-02 11:08:36.344229,Instagram,Interacción,Imagen,11785,7859,200,534,84,28,7110.3,95046.28,4.531183708103521,2.544853034737244,33.33333333333333,84.64642857142857,13.367407844957315,1236.7407844957315
2026-05-02 19:52:09.286190,Instagram,Conversión,Reel,7691,4517,461,93,26,8,14322.2,11127.78,1.209205564946041,10.205888864290458,30.76923076923077,550.8538461538462,0.776960243538004,-22.303975646199607
2026-05-03 04:35:42.228152,Instagram,Reconocimiento,Reel,18297,11592,275,351,69,10,12831.57,47696.78,1.9183472700442696,2.3723257418909593,14.492753623188406,185.96478260869566,3.7171429528888513,271.7142952888851
2026-05-03 13:19:15.170113,Facebook,Conversión,Imagen,7358,6491,368,530,109,20,2605.88,94379.9,7.203044305517804,5.669388383916192,18.34862385321101,23.907155963302753,36.218053018558024,3521.8053018558026
2026-05-03 22:02:48.112074,Web,Captación,Artículo,20581,13517,1003,1288,336,58,931.82,101332.56,6.258199310043244,7.420285566323888,17.261904761904763,2.77327380952381,108.74692537185292,10774.69253718529
2026-05-04 06:46:21.054036,TikTok,Conversión,Artículo,2462,1499,52,97,12,1,14036.1,3380.57,3.9398862713241263,3.468979319546364,8.333333333333332,1169.675,0.24084824132059476,-75.91517586794053
2026-05-04 15:29:53.995997,TikTok,Reconocimiento,Reel,16511,11743,1111,762,105,35,8137.87,32116.78,4.615105081460844,9.46095546282892,33.33333333333333,77.50352380952381,3.9465830739493257,294.6583073949326
2026-05-05 00:13:26.937958,Facebook,Reconocimiento,Reel,11570,7607,158,415,114,19,8298.65,89556.73,3.58686257562662,2.0770343105034836,16.666666666666664,72.79517543859649,10.791722750085857,979.1722750085859
2026-05-05 08:56:59.879919,Facebook,Interacción,Imagen,49665,27926,1029,3072,845,264,11820.41,791088.33,6.185442464512232,3.6847382367686023,31.242603550295854,13.988650887573964,66.92562525326956,6592.5625253269545
2026-05-05 17:40:32.821881,Facebook,Reconocimiento,Reel,45414,30114,2351,2947,866,92,5062.99,90301.43,6.489188356013564,7.807000066414292,10.623556581986143,5.846408775981524,17.835593196905386,1683.5593196905386
2026-05-06 02:24:05.763842,Web,Reconocimiento,Reel,16474,12197,1115,1044,287,61,7487.66,136548.5,6.337258710695641,9.141592194802001,21.254355400696863,26.089407665505227,18.23647174150536,1723.6471741505359
2026-05-06 11:07:38.705803,Instagram,Conversión,Reel,8037,5972,666,486,39,2,14545.61,2245.54,6.047032474804031,11.15204286671132,5.128205128205128,372.964358974359,0.15437922507203203,-84.56207749279679
2026-05-06 19:51:11.647765,Web,Conversión,Imagen,29129,19656,1779,708,181,50,10246.16,122518.33,2.43056747571149,9.05067155067155,27.624309392265197,56.608618784530385,11.957487487995502,1095.7487487995502
2026-05-07 04:34:44.589726,TikTok,Captación,Video,43267,30570,2665,1456,221,49,2729.3,177070.84,3.365151270021032,8.717697088649002,22.171945701357465,12.34977375565611,64.87774887333748,6387.774887333749
2026-05-07 13:18:17.531687,Facebook,Interacción,Video,14386,12773,759,617,183,43,2431.79,119262.12,4.2888919783122486,5.94222187426603,23.497267759562842,13.28846994535519,49.04293545084074,4804.293545084074
2026-05-07 22:01:50.473649,TikTok,Conversión,Artículo,7221,4925,99,239,40,2,3461.84,4823.27,3.3097908876886857,2.010152284263959,5.0,86.546,1.3932677420100295,39.32677420100294
2026-05-08 06:45:23.415610,Facebook,Reconocimiento,Video,24474,15672,501,1538,289,32,11617.32,41614.71,6.284219988559288,3.1967840735068913,11.072664359861593,40.19833910034602,3.5821265145489667,258.2126514548967
2026-05-08 15:28:56.357571,Web,Captación,Reel,41537,26384,1938,1372,250,18,4782.97,32917.39,3.3030791824156776,7.345360824742269,7.199999999999999,19.131880000000002,6.882207080537825,588.2207080537823
2026-05-09 00:12:29.299533,Web,Conversión,Video,48124,34178,2991,946,123,16,810.14,19529.63,1.9657551325741836,8.751243489964304,13.008130081300814,6.58650406504065,24.10648776754635,2310.648776754635
2026-05-09 08:56:02.241494,Facebook,Interacción,Video,22045,17985,1110,836,57,13,14190.53,54489.43,3.7922431390337943,6.171809841534612,22.807017543859647,248.95666666666668,3.839844600589266,283.98446005892663
2026-05-09 17:39:35.183455,Instagram,Interacción,Video,26783,16661,1550,2104,576,126,2960.84,172368.92,7.855729380577232,9.303163075445651,21.875,5.140347222222222,58.21622242336635,5721.622242336634
2026-05-10 02:23:08.125416,TikTok,Captación,Video,41157,32853,2371,1062,266,62,638.59,204635.22,2.580363000218675,7.216996925699328,23.308270676691727,2.400714285714286,320.44851939429054,31944.851939429056
2026-05-10 11:06:41.067378,Web,Captación,Artículo,5922,3300,90,312,26,5,3938.41,11197.55,5.268490374873354,2.727272727272727,19.230769230769234,151.47730769230768,2.843165135168761,184.3165135168761
2026-05-10 19:50:14.009339,Instagram,Captación,Reel,47407,33024,1294,1910,466,61,3907.92,106695.66,4.028940873710633,3.918362403100775,13.090128755364807,8.386094420600859,27.302416630841982,2630.241663084198
2026-05-11 04:33:46.951300,TikTok,Captación,Artículo,23706,19475,2025,354,73,9,6619.08,31371.91,1.4932928372563907,10.397946084724005,12.32876712328767,90.67232876712329,4.739617892516785,373.9617892516785
2026-05-11 13:17:19.893262,TikTok,Captación,Reel,43771,29263,2706,1932,294,26,13845.65,70704.65,4.41388133695826,9.247172196972286,8.843537414965986,47.094047619047615,5.106632769136876,410.66327691368764
2026-05-11 22:00:52.835223,TikTok,Reconocimiento,Reel,33479,25019,2738,1980,224,68,13248.18,168681.55,5.914155142029332,10.943682801071187,30.357142857142854,59.143660714285716,12.732431926498583,1173.2431926498582
2026-05-12 06:44:25.777184,Instagram,Reconocimiento,Reel,6178,3841,121,283,74,17,7124.97,55929.63,4.580770475882163,3.15022129653736,22.972972972972975,96.28337837837839,7.849805683392351,684.9805683392351
2026-05-12 15:27:58.719146,TikTok,Conversión,Reel,31022,25118,2989,2204,496,52,6458.05,148892.85,7.1046354200245,11.89983278923481,10.483870967741936,13.020262096774195,23.055388236387145,2205.5388236387143
2026-05-13 00:11:31.661107,Web,Interacción,Imagen,16240,9229,377,490,91,9,8547.63,18671.7,3.0172413793103448,4.084949615342941,9.89010989010989,93.92999999999999,2.184430070089604,118.4430070089604
2026-05-13 08:55:04.603068,Instagram,Reconocimiento,Reel,27220,23093,489,436,88,27,4030.08,84997.55,1.6017634092578985,2.117524791062227,30.681818181818183,45.79636363636364,21.09078479831666,2009.0784798316658
2026-05-13 17:38:37.545030,Instagram,Reconocimiento,Reel,37736,23372,2798,2851,207,56,1256.68,202266.07,7.555119779520882,11.971589936676365,27.053140096618357,6.070917874396136,160.95272463952637,15995.272463952637
2026-05-14 02:22:10.486991,Web,Reconocimiento,Artículo,3716,3181,153,135,22,5,14118.75,4560.56,3.6329386437029063,4.809808236403647,22.727272727272727,641.7613636363636,0.323014431164232,-67.6985568835768
2026-05-14 11:05:43.428952,Instagram,Conversión,Artículo,17574,11834,1027,884,87,14,3207.14,38593.26,5.030158188232616,8.678384316376542,16.091954022988507,36.86367816091954,12.03354390516161,1103.354390516161
2026-05-14 19:49:16.370913,Web,Captación,Artículo,47279,37962,1429,3093,315,40,3376.81,41690.79,6.542016540112947,3.7642906063958694,12.698412698412698,10.720031746031745,12.346205442414586,1134.620544241459
2026-05-15 04:32:49.312875,Facebook,Conversión,Reel,18719,12386,966,612,131,45,7350.67,71230.62,3.269405416956034,7.799128047795898,34.35114503816794,56.111984732824425,9.690357477617686,869.0357477617687
2026-05-15 13:16:22.254836,Instagram,Interacción,Imagen,9181,7960,878,552,153,44,7628.39,138782.01,6.0124169480448755,11.030150753768844,28.75816993464052,49.858758169934646,18.192830990549776,1719.2830990549774
2026-05-15 21:59:55.196797,Web,Interacción,Reel,46763,27792,1445,910,137,19,767.3,84321.88,1.945982935226568,5.199337938975244,13.86861313868613,5.600729927007299,109.89427863938486,10889.427863938487
2026-05-16 06:43:28.138759,Facebook,Interacción,Reel,45066,27602,2402,1369,139,42,2645.34,189326.92,3.037766830870279,8.70226795159771,30.215827338129497,19.031223021582736,71.56997588211723,7056.997588211723
2026-05-16 15:27:01.080720,Facebook,Interacción,Video,21213,15327,594,427,90,24,5983.24,26250.36,2.0129166077405363,3.875513799177922,26.666666666666668,66.48044444444444,4.387315233886657,338.7315233886657
2026-05-17 00:10:34.022681,Facebook,Reconocimiento,Reel,7380,4270,352,492,131,18,10414.1,46084.34,6.666666666666667,8.243559718969555,13.740458015267176,79.4969465648855,4.425187006078297,342.5187006078297
2026-05-17 08:54:06.964643,TikTok,Reconocimiento,Video,1615,999,53,41,9,1,3812.07,3248.63,2.538699690402477,5.305305305305305,11.11111111111111,423.56333333333333,0.8521957886397679,-14.780421136023211
2026-05-17 17:37:39.906604,Instagram,Conversión,Reel,1463,1287,52,88,23,2,6633.71,2835.39,6.015037593984962,4.040404040404041,8.695652173913043,288.4221739130435,0.4274214579775118,-57.257854202248815
2026-05-18 02:21:12.848565,Facebook,Captación,Artículo,32973,29404,1508,2506,461,38,8581.5,152562.98,7.600157704788766,5.128553938239695,8.24295010845987,18.614967462039047,17.778125036415545,1677.8125036415545
2026-05-18 11:04:45.790527,Web,Interacción,Video,10158,6924,262,476,113,30,13384.59,117773.64,4.685961803504627,3.7839399191218948,26.548672566371685,118.44769911504424,8.79919668813165,779.919668813165
2026-05-18 19:48:18.732488,Instagram,Conversión,Video,21651,18904,2083,1034,87,11,5228.02,50534.35,4.7757609348298,11.018831993228947,12.643678160919542,60.09218390804598,9.666059043385449,866.6059043385449
2026-05-19 04:31:51.674449,TikTok,Reconocimiento,Video,4158,3079,183,175,23,6,2436.59,5013.85,4.208754208754209,5.943488145501787,26.08695652173913,105.93869565217392,2.0577323226312183,105.77323226312183
2026-05-19 13:15:24.616410,Facebook,Reconocimiento,Artículo,21008,13537,602,689,101,35,7594.45,59852.58,3.2797029702970297,4.447070990618306,34.65346534653465,75.19257425742575,7.8810947468216925,688.1094746821692
2026-05-19 21:58:57.558372,TikTok,Captación,Reel,47202,37565,2435,2043,363,26,11327.46,111128.79,4.328206431930851,6.482097697324638,7.162534435261708,31.205123966942146,9.810565651964342,881.0565651964341
2026-05-20 06:42:30.500333,Instagram,Captación,Reel,5938,4635,241,309,87,16,2092.97,57862.98,5.203772313910408,5.199568500539374,18.39080459770115,24.05712643678161,27.646349446002574,2664.6349446002573
2026-05-20 15:26:03.442294,Web,Captación,Imagen,39185,35117,3316,3096,831,241,6657.91,1098101.41,7.900982518820977,9.442720050118176,29.001203369434414,8.011925391095065,164.93184948429763,16393.184948429764
2026-05-21 00:09:36.384256,Facebook,Conversión,Imagen,23388,15033,1760,1769,147,42,757.88,43686.49,7.563707884385155,11.707576664671057,28.57142857142857,5.155646258503402,57.64301736422652,5664.301736422653
2026-05-21 08:53:09.326217,Instagram,Reconocimiento,Reel,9881,7758,494,695,64,17,986.61,56223.23,7.033701042404615,6.367620520752772,26.5625,15.41578125,56.986276238838045,5598.6276238838045
2026-05-21 17:36:42.268178,Instagram,Reconocimiento,Imagen,6603,3751,397,476,66,10,7502.82,31899.96,7.208844464637286,10.583844308184483,15.151515151515152,113.6790909090909,4.251729349764489,325.17293497644886
2026-05-22 02:20:15.210140,Instagram,Captación,Imagen,35980,21220,1625,1538,188,34,4823.86,32294.31,4.274596998332407,7.6578699340245056,18.085106382978726,25.65882978723404,6.6947029971848275,569.4702997184828
2026-05-22 11:03:48.152101,Facebook,Interacción,Imagen,23504,12959,462,1316,268,61,12754.06,180364.36,5.599046970728386,3.565089898911953,22.761194029850746,47.589776119402984,14.141721146050747,1314.1721146050747
2026-05-22 19:47:21.094062,Facebook,Captación,Video,17766,15986,1423,1290,355,121,9231.24,406558.22,7.261060452549814,8.901538846490679,34.08450704225352,26.003492957746477,44.041561047053264,4304.1561047053265
2026-05-23 04:30:54.036024,TikTok,Conversión,Artículo,29386,24413,1741,1102,320,47,7082.03,75361.27,3.750085074525284,7.131446360545611,14.6875,22.13134375,10.641196097729042,964.1196097729041
2026-05-23 13:14:26.977985,Facebook,Captación,Reel,12695,10477,891,981,209,68,6415.06,132462.93,7.727451752658528,8.504342846234609,32.535885167464116,30.694066985645936,20.648743737392945,1964.8743737392945
2026-05-23 21:57:59.919946,Instagram,Captación,Reel,18796,13691,1491,735,190,24,7710.06,83747.01,3.9104064694615874,10.89036593382514,12.631578947368421,40.57926315789474,10.86204387514494,986.204387514494
2026-05-24 06:41:32.861907,TikTok,Conversión,Reel,43543,28521,1826,2267,411,142,1086.36,392894.69,5.206347748202926,6.402300059605204,34.54987834549878,2.6432116788321167,361.66159468316215,36066.15946831622
2026-05-24 15:25:05.803869,TikTok,Captación,Video,15559,9381,1033,928,94,23,13445.5,101284.12,5.964393598560318,11.011619230359235,24.46808510638298,143.0372340425532,7.532938157747945,653.2938157747946
2026-05-25 00:08:38.745830,Instagram,Reconocimiento,Video,39914,25929,2464,3055,553,104,14975.4,232752.36,7.653956005411636,9.502873230745497,18.806509945750452,27.08028933092224,15.542313393966104,1454.2313393966103
2026-05-25 08:52:11.687791,Instagram,Interacción,Imagen,34139,23268,1602,925,174,40,3131.56,76798.82,2.70951111631858,6.884992264053635,22.988505747126435,17.997471264367817,24.524141322535737,2352.414132253574
2026-05-25 17:35:44.629753,Instagram,Captación,Video,39333,32044,2573,2447,576,75,2245.55,370232.77,6.221239163043755,8.029584321557858,13.020833333333334,3.898524305555556,164.8739818752644,16387.39818752644
2026-05-26 02:19:17.571714,TikTok,Conversión,Reel,9802,7242,380,455,47,6,2581.87,27760.62,4.641909814323608,5.247169290251312,12.76595744680851,54.93340425531915,10.752137016968321,975.2137016968321
2026-05-26 11:02:50.513675,TikTok,Interacción,Reel,9307,5371,635,268,38,3,10084.89,2765.31,2.879553024605136,11.822751815304413,7.894736842105263,265.39184210526315,0.27420328828574236,-72.57967117142577
2026-05-26 19:46:23.455637,Facebook,Conversión,Video,41205,22922,1988,2652,373,31,10090.89,125148.87,6.4361121223152535,8.672890672716168,8.310991957104557,27.05332439678284,12.402163733823281,1140.2163733823281
2026-05-27 04:29:56.397598,TikTok,Interacción,Artículo,34214,20043,488,1664,482,74,12794.9,93492.05,4.863506167066113,2.43476525470239,15.352697095435685,26.545435684647302,7.306977780209302,630.6977780209303
2026-05-27 13:13:29.339559,TikTok,Interacción,Video,35159,24388,1284,1978,318,88,11401.48,80558.53,5.625871042976193,5.264884369361981,27.67295597484277,35.8537106918239,7.065620428225108,606.5620428225108
2026-05-27 21:57:02.281521,TikTok,Captación,Reel,12516,10971,903,408,97,22,7020.5,42889.47,3.2598274209012463,8.230790265244735,22.68041237113402,72.37628865979381,6.10917598461648,510.917598461648
2026-05-28 06:40:35.223482,Web,Reconocimiento,Reel,30086,23259,596,1314,312,25,9386.4,48281.32,4.367479890979193,2.562448944494604,8.012820512820513,30.084615384615383,5.1437526634279385,414.37526634279385
2026-05-28 15:24:08.165443,Instagram,Captación,Video,49222,40885,915,2619,304,92,10480.13,390184.77,5.320791515988786,2.2379845909257674,30.263157894736842,34.47411184210526,37.23090934940693,3623.090934940693
2026-05-29 00:07:41.107404,Instagram,Conversión,Video,31480,22452,1459,1207,232,53,7934.68,200594.53,3.83418043202033,6.498307500445395,22.844827586206897,34.201206896551724,25.28073343852556,2428.0733438525563
2026-05-29 08:51:14.049366,Instagram,Conversión,Imagen,45659,30892,1645,1090,298,100,7396.94,492275.96,2.387262095096257,5.325003237084035,33.557046979865774,24.82194630872483,66.5512982395423,6555.12982395423
2026-05-29 17:34:46.991327,Instagram,Interacción,Artículo,48766,28671,1830,3770,636,159,9853.91,602348.31,7.730796046425789,6.382756095008895,25.0,15.493569182389937,61.12784772745033,6012.784772745033
2026-05-30 02:18:19.933288,Facebook,Interacción,Video,39737,34037,1574,1820,521,53,8583.38,135503.69,4.580114251201651,4.6243793518817755,10.17274472168906,16.474817658349327,15.786751839019129,1478.6751839019128
2026-05-30 11:01:52.875250,Web,Reconocimiento,Imagen,10265,8459,308,630,65,12,9837.16,44825.95,6.137359961032636,3.6410923276983094,18.461538461538463,151.34092307692308,4.556797896953999,355.6797896953998
2026-05-30 19:45:25.817211,Instagram,Captación,Imagen,49629,30216,2686,1924,131,32,9386.39,159927.3,3.8767656007576217,8.889330156208631,24.427480916030532,71.6518320610687,17.038211708654764,1603.8211708654765
2026-05-31 04:28:58.759172,Instagram,Conversión,Imagen,6454,4706,336,224,61,3,10928.35,11347.79,3.470715835140998,7.139821504462389,4.918032786885246,179.1532786885246,1.0383809083713462,3.8380908371346134
2026-05-31 13:12:31.701134,Facebook,Interacción,Reel,36918,26602,1064,1421,372,20,9820.65,79981.23,3.8490709139173305,3.9996992707315235,5.376344086021505,26.399596774193547,8.144189030257671,714.4189030257672
2026-05-31 21:56:04.643095,Web,Reconocimiento,Reel,27181,20896,1085,1050,313,27,8036.27,128010.59,3.8629925315477722,5.1923813169984685,8.626198083067091,25.674984025559105,15.929105169438058,1492.9105169438058
2026-06-01 06:39:37.585056,Facebook,Conversión,Reel,16386,14438,1143,788,173,21,10386.05,26824.04,4.808983278408398,7.916608948607841,12.138728323699421,60.03497109826589,2.5826989086322523,158.2698908632252
2026-06-01 15:23:10.527018,Facebook,Interacción,Imagen,40182,30253,823,1930,548,98,7017.49,368489.22,4.803145687123587,2.7203913661455066,17.88321167883212,12.805638686131386,52.51011686514694,5151.011686514694
2026-06-02 00:06:43.468979,Instagram,Conversión,Imagen,38425,28398,986,1721,441,86,4004.23,376111.11,4.478854912166558,3.4720754982745268,19.501133786848072,9.079886621315193,93.92844816606438,9292.844816606439
2026-06-02 08:50:16.410940,Instagram,Reconocimiento,Video,44254,25119,686,860,224,20,520.56,96167.8,1.9433271568671757,2.731000437915522,8.928571428571429,2.323928571428571,184.7391270938989,18373.91270938989
2026-06-02 17:33:49.352901,Web,Reconocimiento,Reel,25327,14487,1466,1132,217,54,8619.48,91047.83,4.46953843724089,10.119417408711257,24.88479262672811,39.72110599078341,10.563030484437578,956.3030484437578
2026-06-03 02:17:22.294863,Web,Conversión,Artículo,22181,13653,1300,484,70,16,9064.5,46664.03,2.1820476984806816,9.52171683879001,22.857142857142858,129.49285714285713,5.147998234872304,414.7998234872304
2026-06-03 11:00:55.236824,Instagram,Captación,Imagen,48662,27317,2604,916,259,35,14594.71,128041.56,1.8823722822736426,9.532525533550535,13.513513513513514,56.35023166023166,8.77314862713956,777.314862713956
2026-06-03 19:44:28.178785,Web,Conversión,Artículo,22452,18190,1666,1690,267,14,5741.44,25751.1,7.527169071797612,9.158878504672897,5.2434456928838955,21.503520599250933,4.485129166202207,348.5129166202207
2026-06-04 04:28:01.120747,TikTok,Interacción,Imagen,39248,31522,2740,2054,379,27,6214.93,89693.62,5.2333876885446395,8.692341856481187,7.12401055408971,16.398232189973616,14.431959812902155,1343.1959812902157
2026-06-04 13:11:34.062708,Web,Captación,Reel,41801,24981,1691,2347,379,63,3426.09,118555.35,5.614698212961413,6.7691445498578915,16.62269129287599,9.03981530343008,34.60368816931254,3360.368816931254
2026-06-04 21:55:07.004669,Facebook,Interacción,Reel,34751,29282,2466,1324,253,24,1522.75,52812.47,3.8099623032430725,8.421555904651322,9.486166007905137,6.0187747035573125,34.68229847315712,3368.2298473157116
2026-06-05 06:38:39.946631,Facebook,Conversión,Imagen,22991,13890,331,1692,283,46,11705.67,122101.41,7.359401504936715,2.38300935925126,16.25441696113074,41.36279151943463,10.430962943599129,943.0962943599129
2026-06-05 15:22:12.888592,Facebook,Captación,Video,42311,27731,2278,2312,143,34,4120.38,102768.35,5.464300063813193,8.214633442717536,23.776223776223777,28.813846153846153,24.941473844645397,2394.1473844645398
2026-06-06 00:05:45.830553,TikTok,Interacción,Reel,10916,6955,680,696,188,40,9329.12,107493.47,6.375961890802492,9.777138749101367,21.27659574468085,49.62297872340426,11.52235902207282,1052.2359022072822
2026-06-06 08:49:18.772515,Instagram,Conversión,Imagen,11143,7580,530,398,64,7,10472.71,20099.95,3.571749080139998,6.992084432717678,10.9375,163.63609375,1.9192692244891725,91.92692244891725
2026-06-06 17:32:51.714476,Instagram,Conversión,Video,26855,17163,956,2073,408,62,7332.93,127352.51,7.719232917520015,5.570121773582707,15.196078431372548,17.972867647058823,17.36720655999716,1636.7206559997162
2026-06-07 02:16:24.656437,Facebook,Captación,Imagen,16581,11957,570,1118,94,22,13207.11,32288.37,6.742657258307702,4.767082043990968,23.404255319148938,140.50117021276597,2.444771793374932,144.4771793374932
2026-06-07 10:59:57.598398,TikTok,Conversión,Reel,2907,2013,169,202,10,3,6935.03,2996.61,6.94874441004472,8.395429706905116,30.0,693.5029999999999,0.43209762610976454,-56.790237389023545
2026-06-07 19:43:30.540360,Instagram,Reconocimiento,Artículo,30424,27238,2431,670,74,20,4631.18,32462.21,2.2022087825401,8.925031206402819,27.027027027027028,62.583513513513516,7.0094900219814384,600.9490021981438
2026-06-08 04:27:03.482321,TikTok,Interacción,Video,24308,13845,1482,704,159,34,13492.23,110301.55,2.8961658713180847,10.704225352112676,21.38364779874214,84.85679245283019,8.175190461473012,717.5190461473012
2026-06-08 13:10:36.424282,Web,Interacción,Reel,42984,25780,1398,1289,96,15,12992.68,61525.27,2.998790247533966,5.422808378588053,15.625,135.34041666666667,4.735379459818913,373.5379459818913
2026-06-08 21:54:09.366244,Instagram,Conversión,Imagen,42505,24163,2343,1231,341,54,2878.58,81585.36,2.8961298670744617,9.696643628688491,15.835777126099707,8.44158357771261,28.342224291143552,2734.2224291143552
2026-06-09 06:37:42.308205,TikTok,Conversión,Reel,47525,36548,2782,3320,344,107,876.43,134384.78,6.985796948974224,7.611907628324395,31.1046511627907,2.5477616279069766,153.33201738872472,15233.201738872473
2026-06-09 15:21:15.250166,Facebook,Reconocimiento,Imagen,37942,21591,2337,464,46,2,1804.79,7894.04,1.2229191924516367,10.823954425455051,4.3478260869565215,39.23456521739131,4.373938242122352,337.39382421223524
2026-06-10 00:04:48.192128,Web,Captación,Imagen,27957,23560,1714,428,40,13,4654.94,27061.64,1.5309224881067354,7.2750424448217315,32.5,116.37349999999999,5.813531431124784,481.3531431124784
2026-06-10 08:48:21.134089,Instagram,Conversión,Video,26464,19296,1384,772,41,10,14597.77,47962.98,2.9171704957678357,7.172470978441129,24.390243902439025,356.04317073170733,3.2856374638044032,228.56374638044034
2026-06-10 17:31:54.076050,TikTok,Conversión,Reel,49476,36337,2826,1186,288,73,8598.48,277409.89,2.3971218368501903,7.7771967966535485,25.34722222222222,29.855833333333333,32.2626661921642,3126.26661921642
2026-06-11 02:15:27.018012,TikTok,Conversión,Reel,24649,18401,1746,646,173,10,5912.3,21723.75,2.6207959754959633,9.488614749198414,5.780346820809249,34.17514450867052,3.6743314784432455,267.43314784432454
2026-06-11 10:58:59.959973,Web,Conversión,Reel,43065,26260,3058,2836,577,133,13386.38,268138.58,6.585394171601068,11.645087585681644,23.050259965337954,23.19996533795494,20.030701354660486,1903.0701354660487
2026-06-11 19:42:32.901934,TikTok,Interacción,Artículo,28125,17414,476,1389,134,26,7070.48,77987.86,4.938666666666667,2.733432870104514,19.402985074626866,52.76477611940298,11.030065851257625,1003.0065851257625
2026-06-12 04:26:05.843895,Facebook,Conversión,Imagen,35758,23656,599,372,45,3,5070.96,3397.22,1.0403266401924045,2.5321271559012515,6.666666666666667,112.688,0.6699362645337371,-33.006373546626286
2026-06-12 13:09:38.785857,TikTok,Interacción,Imagen,6596,4997,568,264,44,5,14147.68,6471.21,4.0024257125530625,11.366820092055233,11.363636363636363,321.53818181818184,0.4574043235357316,-54.25956764642683
2026-06-12 21:53:11.727818,Web,Conversión,Imagen,17374,10833,790,669,193,61,12818.01,93854.79,3.8505813284217796,7.2925320779100895,31.606217616580313,66.41455958549223,7.322103040955655,632.2103040955656
2026-06-13 06:36:44.669779,TikTok,Captación,Reel,4775,2820,229,85,9,1,12733.19,4053.84,1.780104712041885,8.120567375886525,11.11111111111111,1414.798888888889,0.31836798162911256,-68.16320183708874
2026-06-13 15:20:17.611741,Instagram,Reconocimiento,Artículo,28388,25252,1723,1627,378,65,7928.13,192283.06,5.731294913343667,6.823221923015998,17.195767195767196,20.97388888888889,24.25326779454928,2325.326779454928
2026-06-14 00:03:50.553702,Web,Captación,Imagen,22029,12285,360,1302,208,14,11946.86,11821.35,5.910390848427073,2.93040293040293,6.730769230769231,57.43682692307693,0.9894943106389461,-1.0505689361053885
2026-06-14 08:47:23.495663,TikTok,Conversión,Imagen,19445,16157,1564,1175,146,38,3100.62,137893.24,6.042684494728722,9.680014854242742,26.027397260273972,21.23712328767123,44.47279576342796,4347.279576342796
2026-06-14 17:30:56.437625,TikTok,Conversión,Artículo,49474,40856,3869,3017,494,128,8811.73,330175.84,6.098152564983628,9.46984531035833,25.910931174089068,17.837510121457488,37.47003596342603,3647.0035963426026
2026-06-15 02:14:29.379586,Instagram,Conversión,Reel,15645,10232,523,156,10,2,14765.77,5891.16,0.9971236816874401,5.111415168100078,20.0,1476.577,0.39897411377801495,-60.1025886221985
2026-06-15 10:58:02.321547,TikTok,Captación,Imagen,32105,19181,971,2464,615,124,4718.9,210711.74,7.674817006696776,5.062301235597727,20.16260162601626,7.6730081300813,44.65272415181504,4365.272415181505
2026-06-15 19:41:35.263509,Facebook,Conversión,Video,14668,8815,914,982,108,19,12018.11,59232.22,6.6948459230979,10.368689733408962,17.59259259259259,111.2787962962963,4.928580284254346,392.8580284254346
2026-06-16 04:25:08.205470,TikTok,Captación,Reel,16960,13467,366,1242,287,65,7611.94,319308.83,7.32311320754717,2.7177545110269548,22.64808362369338,26.52243902439024,41.94841656660458,4094.841656660458
2026-06-16 13:08:41.147431,Instagram,Interacción,Reel,12357,9576,1035,137,9,1,1077.18,1108.47,1.108683337379623,10.808270676691729,11.11111111111111,119.68666666666667,1.0290480699604523,2.9048069960452256
2026-06-16 21:52:14.089392,TikTok,Reconocimiento,Artículo,38203,31477,1437,2879,831,276,11563.78,549917.05,7.536057377692851,4.565238110366299,33.2129963898917,13.915499398315283,47.555129032202274,4655.512903220228
2026-06-17 06:35:47.031354,Web,Reconocimiento,Artículo,16804,14755,1170,1120,110,24,2944.25,43694.16,6.665079742918353,7.929515418502203,21.818181818181817,26.76590909090909,14.840506071155643,1384.0506071155642
2026-06-17 15:19:19.973315,Instagram,Captación,Imagen,15626,12378,1406,1072,290,41,9656.37,75600.19,6.8603609369000385,11.358862497980288,14.13793103448276,33.2978275862069,7.82904859693653,682.904859693653
2026-06-18 00:02:52.915276,Web,Interacción,Imagen,29132,17611,1546,481,121,22,1742.13,52592.47,1.6511053137443361,8.778604281415024,18.181818181818183,14.397768595041324,30.18860245791072,2918.860245791072
2026-06-18 08:46:25.857238,Facebook,Captación,Reel,8951,5685,349,552,161,46,14229.58,194858.81,6.1669087252820916,6.13896218117854,28.57142857142857,88.38248447204968,13.693925611297031,1269.3925611297032
2026-06-18 17:29:58.799199,Web,Interacción,Artículo,7449,6292,559,575,97,9,4730.0,41706.06,7.7191569338166195,8.884297520661157,9.278350515463918,48.76288659793814,8.817348837209302,781.7348837209302
2026-06-19 02:13:31.741160,TikTok,Conversión,Reel,20065,12505,680,1153,267,36,3783.74,59374.92,5.746324445551957,5.437824870051979,13.48314606741573,14.17131086142322,15.69212472315751,1469.2124723157513
2026-06-19 10:57:04.683122,TikTok,Interacción,Reel,36967,21270,1015,1846,263,66,2372.48,203305.72,4.993642978873049,4.771979313587212,25.09505703422053,9.02083650190114,85.69333355813326,8469.333355813325
2026-06-19 19:40:37.625083,TikTok,Interacción,Video,40536,32272,3861,3088,296,42,14217.03,145948.98,7.617919873692521,11.963931581556768,14.18918918918919,48.03050675675676,10.265785469961026,926.5785469961025
2026-06-20 04:24:10.567044,Web,Interacción,Imagen,10130,6998,665,415,66,18,10822.6,53850.16,4.096742349457058,9.502715061446128,27.27272727272727,163.9787878787879,4.975713784118419,397.5713784118419
2026-06-20 13:07:43.509006,Facebook,Reconocimiento,Imagen,24824,21646,1828,1289,117,10,11254.08,26231.21,5.192555591363197,8.44497828698143,8.547008547008547,96.18871794871795,2.3308178011885468,133.08178011885468
2026-06-20 21:51:16.450967,Facebook,Interacción,Reel,42401,32970,1830,1837,542,151,7741.37,242550.87,4.332444989504965,5.550500454959054,27.85977859778598,14.282970479704797,31.331775900131372,3033.1775900131374
2026-06-21 06:34:49.392928,TikTok,Conversión,Video,37993,22098,550,2860,211,14,7383.55,39907.3,7.527702471507909,2.4889130238030592,6.6350710900473935,34.99312796208531,5.404893310128597,440.4893310128597
2026-06-21 15:18:22.334889,TikTok,Conversión,Imagen,32875,28987,669,503,99,5,2095.31,12425.51,1.530038022813688,2.3079311415462103,5.05050505050505,21.164747474747475,5.930153533367378,493.01535333673786
2026-06-22 00:01:55.276851,TikTok,Conversión,Video,7054,4518,340,317,65,20,8617.7,82827.32,4.493904167848029,7.525453740593183,30.76923076923077,132.58,9.611302319644453,861.1302319644453
2026-06-22 08:45:28.218812,TikTok,Interacción,Imagen,35273,23563,2266,2048,377,84,4080.29,336599.62,5.806140674170045,9.616772057887365,22.281167108753316,10.823050397877983,82.49404331554865,8149.404331554865
2026-06-22 17:29:01.160773,Facebook,Captación,Artículo,42821,29580,2181,2801,603,93,14668.61,126739.88,6.541183064384297,7.373225152129817,15.422885572139302,24.326053067993367,8.640210626637424,764.0210626637426
2026-06-23 02:12:34.102735,TikTok,Captación,Reel,49517,28122,2926,2516,198,23,12050.42,26950.94,5.081083264333461,10.404665386530118,11.616161616161616,60.86070707070707,2.2365145779151265,123.65145779151266
2026-06-23 10:56:07.044696,Instagram,Conversión,Video,11832,8563,199,871,164,38,6488.38,175341.37,7.361392832995267,2.3239518860212542,23.170731707317074,39.56329268292683,27.023905813161374,2602.3905813161373
2026-06-23 19:39:39.986657,Facebook,Reconocimiento,Imagen,30670,18192,1031,2329,283,57,2694.45,173800.71,7.593739810890121,5.667326297273527,20.141342756183743,9.521024734982332,64.50322329232311,6350.322329232311
2026-06-24 04:23:12.928619,Instagram,Captación,Imagen,23852,16465,719,345,98,34,11887.31,149693.97,1.4464195874559784,4.366838748861221,34.69387755102041,121.29908163265306,12.592753953585799,1159.2753953585798
2026-06-24 13:06:45.870580,Facebook,Interacción,Reel,24620,16563,1072,939,225,77,2269.78,80406.07,3.8139723801787166,6.472257441284792,34.22222222222222,10.087911111111111,35.42460943351338,3442.4609433513383
2026-06-24 21:50:18.812541,Facebook,Captación,Artículo,29307,24046,654,341,99,23,3245.34,69261.41,1.1635445456716824,2.719787074773351,23.232323232323232,32.78121212121212,21.341803940419187,2034.1803940419186
2026-06-25 06:33:51.754503,Facebook,Conversión,Video,48551,40351,4657,1605,95,17,3567.05,52115.05,3.3058021461967826,11.541225744095561,17.894736842105264,37.54789473684211,14.610126014493769,1361.012601449377
2026-06-25 15:17:24.696464,TikTok,Reconocimiento,Reel,2551,1540,65,121,14,2,8574.91,8829.9,4.743237945903568,4.220779220779221,14.285714285714285,612.4935714285714,1.029736755254574,2.973675525457408
2026-06-26 00:00:57.638425,Facebook,Captación,Imagen,48922,33183,3724,3608,356,90,11912.32,108896.58,7.3750051101753815,11.2226139890908,25.280898876404496,33.461573033707865,9.141508958792242,814.1508958792244
2026-06-26 08:44:30.580386,Facebook,Captación,Artículo,28812,19611,1227,1995,105,8,5057.57,14478.97,6.924198250728864,6.256692672479732,7.6190476190476195,48.16733333333333,2.862831359724136,186.28313597241365
2026-06-26 17:28:03.522348,Instagram,Conversión,Video,14799,8923,1057,280,30,4,1727.71,10029.84,1.8920197310629094,11.845791774067017,13.333333333333334,57.590333333333334,5.805279821266301,480.5279821266301
2026-06-27 02:11:36.464309,Facebook,Reconocimiento,Imagen,27312,22654,1708,450,98,7,7235.81,31055.74,1.6476274165202107,7.539507371766575,7.142857142857142,73.83479591836735,4.291950728391154,329.1950728391154
2026-06-27 10:55:09.406270,Instagram,Reconocimiento,Reel,40620,32395,3663,2081,224,16,11347.6,75892.96,5.123092072870508,11.307300509337862,7.142857142857142,50.658928571428575,6.688018611865064,568.8018611865065
2026-06-27 19:38:42.348232,Instagram,Conversión,Reel,2449,1510,31,115,20,2,3714.13,9938.89,4.695794201714986,2.052980132450331,10.0,185.7065,2.675967184778131,167.59671847781308
2026-06-28 04:22:15.290193,TikTok,Interacción,Video,25426,17247,1635,728,197,38,3688.91,183487.28,2.86321088649414,9.479909549486868,19.289340101522843,18.72543147208122,49.7402430528259,4874.02430528259
2026-06-28 13:05:48.232154,TikTok,Captación,Artículo,36427,21383,2358,2657,593,169,14234.79,139417.46,7.29404013506465,11.027451713978394,28.499156829679595,24.00470489038786,9.794135354297463,879.4135354297463
2026-06-28 21:49:21.174116,TikTok,Interacción,Video,41277,31778,1079,3092,459,89,14335.23,89033.38,7.490854471012913,3.395430801183209,19.389978213507625,31.23143790849673,6.210809313837309,521.0809313837309
2026-06-29 06:32:54.116077,Facebook,Captación,Reel,32551,19285,571,1242,177,26,14861.75,36918.66,3.8155509815366653,2.9608504018667356,14.689265536723164,83.96468926553672,2.4841394855922085,148.41394855922084
2026-06-29 15:16:27.058038,Facebook,Captación,Reel,25277,22624,1413,1828,299,22,12211.06,49834.86,7.231870870752068,6.245579915134371,7.357859531772576,40.83966555183947,4.081124816355009,308.11248163550096
2026-06-30 00:00:00.000000,Web,Interacción,Artículo,36489,30039,3405,1345,126,27,3228.67,115712.7,3.686042368933103,11.335264156596425,21.428571428571427,25.62436507936508,35.83912261085834,3483.912261085834
